name,price,review
[사리원] 소불고기 전골,"12,720",999+
[어반다이닝] 바지락 술찜 파스타,"11,449",999+
[최현석의 쵸이닷] 파스타 인기 메뉴 11종 (택1),"6,715","9,999+"
[바른식] 강릉식 짬뽕순두부 찌개,"12,720","9,999+"
[하루한킷] 송탄식 부대찌개,"11,990","9,999+"
[해운대암소갈비집] 한우 소불고기 전골,"15,920",999+
[투다리] 시그니처 김치우동 (2인분),"10,000","9,999+"
[LITTLENECK] 리틀넥 스테이크 키트,"16,632","9,999+"
[쵸이닷:직원食당] 이태원식 부대찌개,"15,283",999+
[일상식탁] 부산식 얼큰 낙곱새,"11,120",999+
[My little recipe] 안동에서 올라온 전통찜닭 (2인용),"14,872","9,999+"
[투다리] 인기 밀키트 4종 골라담기 (택1),"8,280","9,999+"
[프레시지] 밀푀유나베,"12,155","9,999+"
[성수동 팩피 : FAGP] 인기 파스타 2종 (택1),"14,600","9,999+"
[한팟] 치즈 부대찌개 1858g(냉장),"5,925","9,999+"
[채선당] 샤브샤브 밀키트 (2인),"11,067","9,999+"
[정지선의 티엔미미] 티엔미미 인기 면요리 4종 (택1),"21,844",999+
[프레시지] 부채살 하와이안 찹스테이크,"7,650",999+
[마이셰프] 소고기 샤브샤브 밀키트 3~4인분(고기350g),"15,480","9,999+"
[하코야] 하카타 차슈 돈코츠라멘 (2인분),"8,720",999+
[최현석의 쵸이닷] 바질 고르곤졸라 뇨끼,"12,400",782
[투다리] 한우대창나베,"12,720",999+
[윤서울] 모둠나물면,"15,900",865
[김구원선생] 두부 된장찌개 밀키트,"15,910",999+
[아우름] 바다를 품은 솥밥키트 2종 (냉동) (택1),"7,120",999+
[금룡각] 마라탕,"11,920",999+
[마이셰프] 찹스테이크,"18,900","9,999+"
[콜린스다이닝] 전복솥밥 키트,"10,710",999+
[니뽕내뽕] 크뽕 (크림 짬뽕),"8,568",375
[LITTLENECK] 리틀넥 비프 머쉬룸 리조또,"11,120",999+
[빕스] 1997 스테이크,"7,120",258
[김구원선생] 우삼겹 순두부찌개,"11,610","9,999+"
[최현석의 쵸이닷] 쉬림프 바질크림 리조또,"14,320",295
[리틀 비엣남] 소고기 쌀국수 2인분,"8,980",999+
[투다리] 오리지널 알탕,"9,810",999+
[마이셰프] 전주식 해장 콩나물국밥,"9,800",999+
[프레시지] 캠핑포차 꼬치 어묵탕,"15,600",999+
[최현석의 쵸이닷] 연어 스테이크 with 유자크림 소스,"19,900",338
[피코크] 미가 들깨 수제비,"11,751",999+
[하루한킷] 신림동 백순대 볶음,"10,115","9,999+"
[닥터로빈] 단호박 크림스프 밀키트,"6,480",999+
[현대옥] 황태콩나물 국밥,"13,410",531
[시골보쌈과 감자옹심이] 옹심이 들깨 수제비(2인분),"8,300",999+
[연남 쌉 : SAAP] 팟타이 2인분,"13,400",999+
[리틀스페인] 문어 뽈뽀 스테이크,"8,490",249
[방방곡곡] 의정부식 햄마니 부대찌개,"12,870",277
[매일식탁] 의정부식 부대찌개 (1-2인용),"49,900",999+
[로스옥] 아롱사태 스지수육,"8,200",242
[하루한킷] 고기 듬뿍 마파두부,"7,347",999+
[콜린스 이자카야] 오뎅나베,"7,307",206
[삼양] 불닭 떡볶이 오리지널 (2인분),"7,501",268
[프레시지] 감바스 알아히요,"15,210",999+
[윤서울] 매콤 고사리 비빔면,"7,120",368
[놀부부대찌개] 부대찌개,"14,872",999+
[콜린스다이닝] 투움바 파스타,"12,550",218
[마이셰프] 얼큰 미나리 샤브샤브,"17,000",999+
[LITTLENECK] 리틀넥 가리비 바질 크림 리조또,"7,990",999+
[존쿡델리미트] 비프웰링턴,"8,900",173
[프레시지] 캠핑포차 김치어묵 우동전골,"8,000",999+
[윤서울] 생들기름면,"18,507",458
[푸드어셈블] 시금치 크림 뇨끼,"10,500",999+
[에머이] 매운 소고기 쌀국수,"10,500",190
[콜린스다이닝] 클래식 미트라구 파스타,"6,715",130
[하루한킷] 소고기 된장찌개,"10,710",999+
[생어거스틴] 똠양꿍,"14,310",999+
[니뽕내뽕] 토뽕 (토마토 짬뽕),"10,965",161
홈파티 인기 밀키트 7종 (택1),"10,900","9,999+"
[하림] 닭한마리 칼국수 밀키트,"14,300",999+
[채선당] 소고기 버섯 샤브전골,"9,320",256
[낭만어시장] 땡초 넣은 모듬 조개탕,"9,374",999+
[면사랑] 간편한 전통 한식잡채 305g *2개입,"12,500",429
[한팟] 알알이 가득 알탕 (냉장),"18,800",999+
[이비가짬뽕] 짬뽕순두부찌개,"8,720",491
[록키] 치즈 듬뿍 비프 라자냐,"6,715",275
[마이셰프] 제주식 딱새우 된장찌개,"14,787",999+
[하이디라오소스로 만든] 훠궈 2~3인분 (탕선택),"10,115",460
[푸드어셈블] 후쿠오카식 모츠나베,"6,278",611
[프레시지] 뉴 매콤 깻잎 순대볶음,"14,300",999+
[리틀 비엣남] 마라 소고기 쌀국수,"16,110",287
[하루한킷] 양념순대볶음,"11,250",999+
[킹콩] 킹콩 부대찌개,"16,100",317
[하루한킷] 얼큰 미나리 칼국수 전골,"6,480",999+
[프레시지] 최현석의 가니쉬 스테이크,"11,543",123
[하림] 태양초 닭볶음탕 밀키트,"14,785",999+
[김구원선생] 국산콩으로 만든 마파두부,"7,085",563
[일상식탁] 송탄식 부대찌개,"14,900",254
[성수동 분식] 기계 우동 2인분,"13,800",702
[면사랑] 멸치 잔치국수 273g * 2개입,"11,610",103
[풀무원] 김치 생 수제비 2인분,"14,310",296
[김구원선생] 두부 김치 콩나물국,"7,347",473
[하루한킷] 우삼겹 숙주 볶음,"13,400",999+
[닥터로빈] 저당 토마토 비프 라자냐,"6,020",373
[하림] 춘천식 닭갈비 밀키트,"7,900",999+
[송정해변막국수] 메밀물막국수,"7,650",254
[리틀스페인] 문어 감바스 알 아히요,"10,700",64
[모두의맛집] 오세득의 트러플머쉬룸크림라자냐,"12,400",98
[리틀 차이나] 삼선 짬뽕 2인분,"12,500",200
[캐비아데일리] 바지락듬뿍칼국수,"9,810",89
[김구원선생] 두부 버섯 쇠고기 전골,"12,510",999+
최현석의 우삼겹 마라크림 짬뽕,"9,450",60
[한팟] 엑스라지 부대찌개 3240g(냉장),"20,250","9,999+"
[프레시지] 최현석의 버터 스테이크,"13,400",95
[김구원선생] 두부 콩나물국,"16,100",438
[먹쉬돈나] 즉석 치즈 떡볶이 (매운맛),"6,600",999+
[마이셰프] 얼큰한 꽃게탕,"8,900",151
[김구원선생] 두부 황태 콩나물국,"6,480",367
[온더고] 싱카이 삼선짜장면 300g,"15,717",245
[리틀 차이나] 짜장면 2인분,"6,450",955
[프레시지] 차돌박이 숙주볶음,"13,900",999+
[프레시지] 쉬림프 로제 파스타,"7,120",999+
[하루한킷] 소고기 칼국수 전골,"12,900",999+
[창화당] 돈까스김치나베우동,"25,628",60
[일상식탁] 우삼겹 숙주볶음,"15,210",122
[푸디버디] 한우 카레/짜장/불고기 덮밥소스 5개입 (택1),"12,500",62
[육대장] 대파육개장,"10,335",126
[김구원선생] 순두부 된장찌개,"13,900",698
[김구원선생] 국산콩으로 만든 순두부 계란탕,"13,900",465
[북창동순두부] 곱창 순두부찌개,"14,850",167
[프레시지] 토마토 부대찌개 (코리안 스튜),"7,650",682
[할랄가이즈] 시그니처 플래터 3종,"15,600",183
[프레시지] 푸짐한 소고기 샤브샤브 & 칼국수 (3~4인분),"4,830",615
[마이셰프X진진수라] 궁중 소고기 버섯잡채,"8,385",261
[마이셰프] 알찬 얼큰 소고기버섯전골,"8,890",103
[프레시지] 부추가득 재래식 된장찌개,"11,094",135
[푸디버디] 새콤달콤 미니 아란치니 토마토,"13,708",85
[이차돌] 된장찌개,"9,265",90
[풀무원] 해물 생 수제비 2인분,"15,200",245
[하이디라오소스로 만든] 마라샹궈 2인분,"13,490",140
[모두의맛집] 소문난 원조 조방낙지 낙곱새,"9,810",999+
[프레시지] 소고기버섯잡채,"16,830",97
[하코야] 김치 오뎅 나베 (3~4인),"11,100",451
[김구원선생] 김치 순두부찌개,"12,510",457
[프레시지] 관서식 스키야키 밀키트,"11,600",999+
[프레시지] 버섯 고추잡채 & 꽃빵,"14,742",294
[하남돼지집] 고추장찌개,"9,980",16
[하루한킷] 오리고기 월남쌈,"8,010",299
[이차돌] 쫄면 순두부,"6,999",238
[프레시지] 쫄면 순두부찌개,"14,300",416
[소반옥] 쭈곱대새,"7,100",65
[빽쿡] 백종원의 얼큰 대파 육개장,"14,600",25
[빽쿡] 백종원의 매콤 콩나물 불고기,"12,980",26
[김구원선생] 두부 김치국,"13,900",323
[비비고] 스팸부대전골,"9,520",29
[프레시지] 듬뿍담은 안동식 순살찜닭,"8,480",45
[니시무라멘] 교카이 파이탄 라멘,"10,700",241
[리틀 후쿠오카] 바질 라멘,"8,900",47
[이화수x마이셰프] 육개장 칼국수 (2인분),"16,500",213
[팔당원조칼제비] 얼큰칼제비,"14,300",404
[마이셰프] 일품 어향가지 685g (2~3인),"17,910",187
[마이셰프] 돼지고기 감자 짜글이,"19,700",282
[연남 쌉 : SAAP] 팟씨유 2인분,"6,480",490
[마이셰프X공수간] 라볶이,"14,300",250
[비비고] 서울식 소불고기전골,"16,700",999+
[한팟] 속이 시원한 동태탕 (냉장),"7,740",42
[명가교동짬뽕] 고기가득 쟁반짜장,"21,520",999+
[프레시지] 블랙라벨 스테이크,"17,000",999+
[도리깨침] 구절판,"15,900",31
[사리원] 왕만두전골,"6,480",23
[백설다담] 옛맛 담은 우렁강된장찌개,"14,300",126
[풀무원] 아티장 까르보나라 파스타 (2인분),"6,480",70
[마이셰프] 알찬 고기 마파두부,"13,400",999+
전통 시장 물떡 (2팩),"14,300",19
[진실된손맛] 동짓날 팥죽 칼국수 (2인분),"18,800",999+
[한팟] 대구 매운탕 (냉장),"8,960",140
[마이셰프] 돼지고기 김치찜,"8,910",55
[붓처스컷] 뉴욕스트립 스테이크,"6,480",822
[연남 쌉 : SAAP] 똠얌 국수 클래식 2인분,"8,480",999+
[마이셰프] 마라탕,"10,690",50
[김호윤Kitchen] 통삼겹 수비드 스테이크,"8,000",190
[푸드어셈블] 마라 모츠나베,"17,000",100
[마이셰프] 든든한 장어구이 덮밥 키트 2인분,"7,990",10
[The : 푸짐한] 햄폭탄 부대전골,"11,600",314
[모두의맛집] 카레시 통닭다리 스프카레,"8,980",117
[풀무원] 즉석 해물 칼국수 2인분,"6,480",531
[마이셰프] 월남쌈,"8,960",632
[갓포아키] 스키야키,"10,900",98
[경복궁] 양배추 듬뿍 한우불고기전골,"14,300",829
[호밍스] 김치어묵 우동전골,"21,520",72
[비비고 셰프컬렉션 x 미쉐린] 청양크림칼국수,"5,480",242
[한마당] 걸쭉한 파주장단콩 콩국수,"43,920",536
"[풀무원] 간편한 떡국 2종(2인분, 사골/멸치 중 택1)","7,120",999+
[비비고 셰프컬렉션 x 미쉐린] 꽈리고추소스를 곁들인 수비드 LA갈비 스테이크,"11,815",999+
[한반] 불낙전골,"24,137",999+
[Picard] 라따뚜이,"9,675","9,999+"
[니뽕내뽕] 크뽕(크림 짬뽕) & 토뽕(토마토 짬뽕) (택1),"8,000",791
