상품명,가격,별점,리뷰수,판매수량,온라인판매금액
애슐리 오리지널 통살치킨 500G,8990,4.7,6740,56858,511153420
하코야 통 치즈 돈까스 350G,10900,4.8,7061,17618,192036200
투다리 김치오뎅전골 653G,15900,4.7,1069,13141,208941900
하코야 통 고구마 치즈 돈까스 280G,10900,4.8,1537,13003,141732700
[밀키트] 홈밀 쟌슨빌 부대찌개 985G,9990,4.8,11261,9301,92916990
[밀키트] 홈밀 의정부식 부대찌개 750G,6990,4.8,3752,7254,50705460
하코야 김치카츠 나베 680G,16900,4.8,1382,5949,100538100
[밀키트] 홈밀 채선당 소고기 샤브샤브 845G,9990,4.8,897,5911,59050890
하코야 멘치까스 360G,9990,4.7,633,4117,41128830
[밀키트] 얼큰 미나리 버섯샤브전골 835G,9990,4.8,1007,3259,32557410
[밀키트] 밀푀유 나베 4인분 1129G,19990,4.7,934,3154,63048460
[밀키트] 홈밀 푸짐한 스팸 부대찌개 1120G,9990,4.7,8347,2910,29070900
하코야 오뎅전골 751G,14900,4.7,816,2884,42971600
[밀키트] 홈밀 놀부 부대찌개 1042G,9990,4.8,963,2822,28191780
라그릴리아 시그니처 바비큐폭립 600G,23900,4.6,179,2320,55448000
[밀키트] 홈밀 감바스 알 아히요 420G,9990,4.7,1118,2272,22697280
[밀키트] 홈밀 푸짐한 밀푀유나베 1079G,11990,4.8,467,2179,26126210
하코야 롱 생선까스 300G,9990,4.6,2480,2136,21338640
[밀키트] 홈밀 푸짐한 스팸 부대찌개 525G,6990,4.7,1651,1728,12078720
도드람 해남 묵은지 김치찌개 1KG,15990,4.7,561,1722,27534780
[밀키트] 홈밀 알탕 873G,9990,4.7,286,1656,16543440
[밀키트] 홈밀 이춘삼 쟁반짜장 890G,9990,4.7,495,1645,16433550
[밀키트] 홈밀 감자수제비 순두부 찌개 1100G,8990,4.8,3502,1585,14249150
달떡볶이 쫄깃 바삭 떡꼬치 330G,5990,4.7,808,1575,9434250
[밀키트] 려강 국내산 사골육수 모둠 순대국 1.4KG,9990,4.8,1619,1562,15604380
[밀키트] 홈밀 칼칼하고 시원한 부대찌개 735G,6990,4.7,745,1408,9841920
추억의 1999 홍대떡볶이 냉동 426G,6990,4.7,253,1249,8730510
[밀키트] 홈밀 쟌슨빌 부대찌개 425G,6990,4.7,1237,1226,8569740
[밀키트] 홈밀 직화 소불고기 버섯전골 490G,9990,4.5,2811,1204,12027960
[밀키트] 홈밀 소불고기 버섯전골 300G,6990,4.6,804,1150,8038500
홈밀 튤립 국물닭발 400G,7990,4.7,1042,1083,8653170
[밀키트] 우삼겹 낙곱새 전골 4인분 1585G,24990,4.6,330,899,22466010
[밀키트] 홈밀 돼지고기 김치찌개 738G,9990,4.7,156,888,8871120
[밀키트] 홈밀 동태탕 863G,9990,4.7,139,769,7682310
[밀키트] 홈밀 한우곱창전골 832G,13990,4.4,63,766,10716340
애슐리 오리지널 통살치킨&치폴레소스 500G,8990,4.7,3144,766,6886340
[밀키트] 홈밀 북창동식해물순두부찌개,9990,4.5,767,730,7292700
[밀키트] 홈밀 직화 우삼겹 된장찌개 670G,9990,4.7,1435,716,7152840
[밀키트] 신당동식 사리듬뿍 즉석 떡볶이 4인분 1545G,18990,4.4,363,702,13330980
[밀키트] 채선당 굴림만두전골 790G,11900,4.6,1295,698,8306200
[밀키트] 홈밀 바질 크림 빠네파스타 636G,9990,4.6,422,689,6883110
[밀키트] 홈밀 대구매운탕 823G,9990,4.6,95,685,6843150
[밀키트] 홈밀 오삼불고기 400G,6990,4.5,596,625,4368750
[밀키트] 홈밀 놀부 부대찌개 1인분 491G,6990,4.6,116,616,4305840
[밀키트] 홈밀 콩나물불고기 787G,9990,4.9,169,598,5974020
[밀키트] 홈밀 순두부찌개 요리재료 610G,6990,4.7,388,563,3935370
[밀키트] 홈밀 이비가 짬뽕순두부 1025G,9990,4.6,306,543,5424570
[밀키트] 홈밀 매콤 깻잎 순대볶음 627G,9990,4.6,1272,534,5334660
[밀키트] 홈밀 청국장찌개 요리재료 560G,6990,4.6,227,513,3585870
[밀키트] 홈밀 삼선 해물 누룽지탕 678G,9990,4.6,204,434,4335660
[밀키트] 홈밀 소고기듬뿍 쌀국수 650G,9990,4.7,30,395,3946050
[VIPS] 오리지널 바비큐 폭립 x 2개,33800,4.6,9,387,13080600
[밀키트] 홈밀 오코노미야끼 533G,9990,4.7,177,385,3846150
[밀키트] 홈밀 순살 닭볶음탕 1100G,9990,4.5,129,381,3806190
[밀키트] 홈밀 사천식 마라탕 566G,9990,4.6,213,379,3786210
[밀키트] 당면가득 안동식 찜닭 1677G,15990,4.8,480,372,5948280
[밀키트] 홈밀 캠핑포차 직화 삼진어묵탕 770G,9990,4.7,311,355,3546450
[밀키트] 팜앤들 동대문식 닭한마리 칼국수 1265G,9990,4.7,229,334,3336660
[밀키트] 홈밀 고깃집 된장찌개 535G,8990,4.5,290,332,2984680
[밀키트] 려강 나주식맑은곰탕 1005G,9990,4.8,187,324,3236760
[밀키트] 홈밀 춘천식 닭갈비 820G,9990,4.5,244,324,3236760
[밀키트] 홈밀 된장찌개 요리재료 465G,6990,4.6,234,323,2257770
[밀키트] 채선당 백합칼국수 990G,11900,4.7,511,299,3558100
[밀키트] 홈밀 이차돌 숙주볶음 460G,9990,4.7,523,297,2967030
[밀키트] 홈밀 하이디라오 소스로 만든 마라훠궈 915G,13990,4.6,81,296,4141040
[밀키트] 홈밀 우동사리 닭갈비 600G,6990,4.6,691,282,1971180
[밀키트] 홈밀 캠핑포차 직화 두루치기 600G,9990,4.7,301,277,2767230
남다른 감자탕순살 800G,9990,4.6,271,265,2647350
[밀키트] 홈밀 고추잡채와 꽃빵 500G,9990,4.6,95,263,2627370
호밍스 부산식 곱창 전골 760G,15400,4.7,296,261,4019400
[밀키트] 홈밀 부채살 큐브 스테이크 607G,14990,4.6,257,258,3867420
[밀키트] 홈밀 직화 우삼겹 라볶이 620G,9990,4.6,351,244,2437560
[밀키트] 홈밀 직화 푸짐한 순대곱창 전골 580G,9990,4.2,368,242,2417580
홈밀 북엇국 500G,4990,4.8,113,240,1197600
[밀키트] 홈밀 제주흑돼지 애호박찌개 370G(1인분),6990,4.4,173,237,1656630
프레시지 소고기버섯잡채 305G,9990,4.7,39,232,2317680
풀무원 2분조리 국물 떡볶이 1인분 170G,2990,4.7,799,213,636870
[밀키트] 마이셰프 바지락술찜과 파스타 1062G,9990,4.7,24,211,2107890
[하남돼지집] 고깃집 김치볶음밥 x 6개,15000,4.5,11,207,3105000
[밀키트] 이화수 육개장 칼국수 950G,9990,4.7,151,202,2017980
[밀키트] 홈밀 포크&가니쉬 바비큐 스테이크 624G,9990,4.9,14,175,1748250
[밀키트] 홈밀 고추장찌개 요리재료 485G,6990,4.7,26,163,1139370
[밀키트] 마이셰프 월남쌈 883G,9990,4.6,402,162,1618380
[밀키트] 홈밀 야끼소바 743G,9990,4.7,131,158,1578420
프레시지 우삼겹청국장찌개 773G,8990,4.8,17,157,1411430
[밀키트] 홈밀 소고기 마라샹궈 635G,9990,4.5,113,154,1538460
"[밀키트] 홈밀 모둠버섯 두부전골 1,019G",16990,4.3,49,153,2599470
북촌손만두 고기굴림만두 500G,8990,4.7,302,141,1267590
빕스 고르곤졸라피자 400G,8900,4.7,200,127,1130300
[밀키트] 홈밀 해물탕 908G,9990,4.7,31,105,1048950
[경복궁]칼집 LA갈비 600g,35200,5.0,5,96,3379200
[밀키트] 애슐리 멕시칸 타코 470G,9990,4.8,85,92,919080
[경복궁]불고기 LA갈비 혼합구성 (양념불고기 1팩+칼집LA갈비 1팩),58700,5.0,1,90,5283000
[밀키트] 애슐리 목살 스테이크 플래터 635G,9990,4.6,112,88,879120
[밀키트] 려강 소머리 국밥 1090G,9990,4.6,47,87,869130
[밀키트] 홈밀 한우 곱도리탕 1700G,17990,4.6,11,77,1385230
대상 호밍스 서울식 소불고기 전골 650G,13900,4.6,119,72,1000800
얌샘김밥 물쫄면 1130G,8990,4.4,84,70,629300
홀리셔스 감탄도시락 혼합구성 5팩,28900,4.8,6,69,1994100
[밀키트] 홈밀 호로록 로제떡볶이 726G,9990,4.6,277,65,649350
[서민갑부 방영] 신사강 제주흑돼지 김치찜 밀키트 1.3kg (2~3인분),18900,5.0,4,64,1209600
애슐리 크리스피 포테이토 핫도그 640G,12990,4.6,146,60,779400
대상 호밍스 햄&고기듬뿍 부대찌개 600G,15400,4.9,56,58,893200
[밀키트] 더본코리아 백종원의 빽쿡 얼큰대파 육개장 489G,9990,4.5,16,57,569430
풀무원 순쌀 떡볶이 2인분 480G,4990,4.8,1575,56,279440
[하남돼지집] 한돈 간장불고기 x 3개,20700,,0,56,1159200
[밀키트] 고기듬뿍 우거지 감자탕1650G,15990,4.5,77,56,895440
[밀키트] 더본코리아 백종원의 빽쿡 애호박 고추장 찌개 575G,9990,4.6,238,54,539460
사옹원 바로먹는 한끼잡채 오리지널 210g 1개,4100,5.0,1,53,217300
[하남돼지집] 고깃집 차돌 된장찌개x2개,7800,3.0,1,51,397800
싱카이 짬뽕 2인분 냉동 1340G,13990,4.6,277,50,699500
대상 호밍스 해물 누룽지탕 670G,13900,4.6,25,50,695000
신의주얼큰순대국 600g,6500,5.0,1,50,325000
[밀키트] 마이셰프 어향가지 585G,9990,4.7,75,49,489510
[밀키트] 더본코리아 백종원의 빽쿡 매콤콩나물불고기 695G,9990,4.7,150,49,489510
[밀키트] 조방낙지 낙곱새 700G,18900,4.7,24,49,926100
삼원가든 진갈비탕 600G,8990,4.6,51,46,413540
[경복궁]한우사골 고기곰탕 600gx4팩,51700,5.0,2,46,2378200
시티델리 로제 치킨라이스 278G,5990,4.7,172,46,275540
홈밀 얼큰닭개장 500G,4990,4.3,59,45,224550
[밀키트] 백종원의 빽쿡 제주 돼지 부대찌개 796G,9990,4.5,305,44,439560
[경복궁]한우보양 세트 (한우사골고기곰탕 2팩+한우사골곰탕 2팩+사골고기도가니탕 2팩),60000,4.2,6,44,2640000
호밍스 언양식 바싹불고기 270G,10900,4.7,167,43,468700
[밀키트] 고기 마파두부 976G,6990,4.7,54,42,293580
샐러드미인 단호박 샐러드 1kg/팜피아,7800,,0,42,327600
빕스 콤비네이션피자 440G,8900,4.6,120,41,364900
[밀키트] 홈밀 알곤이찜 854G,9990,4.4,17,41,409590
[밀키트] 마이셰프 갈릭 포크 찹스테이크 673G,9990,4.6,36,40,399600
고소한 콩국수 12인분세트(면2kg+콩가루12봉),17900,5.0,2,38,680200
[밀키트] 애슐리 콰트로 햄치즈부대찌개 713G,9990,4.5,47,37,369630
[경복궁]양곰탕 600gx4팩,51700,4.0,2,37,1912900
[경복궁]양념 불고기 600g,20000,,0,37,740000
[하남돼지집] 한돈 매콤불고기 x 3개,20700,5.0,1,37,765900
[전철우] 나주곰탕 2팩 + 장터국밥 2팩 + 육개장 2팩 + 소갈비탕 2팩,32900,5.0,1,36,1184400
[경복궁]영양 삼계탕 1kgx4팩,60800,4.5,2,35,2128000
[경복궁]양념 불고기 600gx3팩,70500,,0,33,2326500
하코야 바사삭 치킨 가라아게 300G,7990,4.5,552,33,263670
[사리원] 뼈 없는 갈비탕 700g x 4팩,24900,5.0,2,31,771900
[밀키트] 신림동식 백순대볶음 1025G,14990,4.8,18,30,449700
[밀키트] 놀부 오리지널 부대찌개 냉동 406G,10900,4.4,32,29,316100
[경복궁]직화 고추장 불고기 150gx3팩,27900,,0,29,809100
스위트웰 빙수 떡 찹쌀 함유 200g,4000,,0,29,116000
고소한 콩국수 6인분세트(면1kg+콩가루6봉),11900,4.7,3,29,345100
신의주찹쌀순대국 600g,6500,,0,27,175500
청정원 호밍스 밀키트 언양식 바싹불고기 270g x 3개,29940,,0,27,808380
백채 돼지김치찌개 500G,6990,4.7,18,27,188730
[하남돼지집] 고깃집 차돌 된장찌개 x 5개,24500,4.3,3,26,637000
[사리원] 뼈 없는 갈비탕 600g x 2팩,14900,,0,26,387400
[밀키트] 사천식 정통 마라탕 1255G,24990,4.4,19,26,649740
[밀키트] 마이셰프 푸짐한 돼지불백 662G,9990,4.7,21,24,239760
[경복궁]한우사골곰탕 600gx5팩,40000,,0,24,960000
싱카이 간짜장 2인분 냉동 760G,13990,4.6,185,24,335760
하남돼지집 돼지 김치찌개 500g x 3개,22800,5.0,2,23,524400
[경복궁]직화 석쇠 불고기 150gx3팩,27900,4.3,4,23,641700
[경복궁]사골 고기 도가니탕 600gx4팩,51700,4.5,2,23,1189100
[밀키트] 팔당원조칼제비 시원한맛 냉동 485G,9990,4.7,19,23,229770
하남돼지집 차돌 된장술밥 250g x 3개,18000,5.0,2,22,396000
[경복궁]꼬리곰탕 600gx3팩,33600,5.0,1,22,739200
[사리원] 뼈 없는 갈비탕 600g x 5팩,29900,5.0,2,22,657800
모터시티 잭슨5 디트로이트 피자 280G,8490,4.4,119,21,178290
하코야 모둠 꼬치구이 338G,9990,4.3,118,21,209790
[경복궁]양념 불고기 600gx2팩,47000,,0,20,940000
[밀키트] 시원한 동태탕 600G,14900,4.7,48,19,283100
[사리원] 뼈 없는 갈비탕 600g x 6팩,34900,,0,19,663100
[경복궁]칼집 LA갈비 600gx3팩,105800,,0,19,2010200
[하남돼지집] 한돈 김치찜,15900,4.0,1,19,302100
모터시티 트리플치즈 디트로이트 피자 240G,8490,4.5,114,18,152820
싱카이 탕수육 450G,13990,4.6,296,18,251820
하남돼지집 차돌 된장술밥 2개 + 돼지 김치찌개 2개,27200,,0,18,489600
[밀키트] 감자옹심이 칼국수 562G,11900,4.6,27,18,214200
"[박참봉부대찌개]송탄식 모듬 부대찌개 밀키트 1,460g (2~3인분) 간편식 / 의정부맛",25200,5.0,1,17,428400
[경복궁]한우사골곰탕 600gx4팩,37600,,0,17,639200
사옹원 바로먹는 한끼잡채 오리지널 210g 2개,10400,,0,17,176800
진하고 담백한 국내산 재첩국 500g*4팩,26500,,0,17,450500
[밀키트] 블루베리 부채살 로얄 정통스테이크 냉동 320G,11900,4.5,15,17,202300
[경복궁]영양 갈비탕 850gx4팩,70500,,0,16,1128000
홀리셔스 감탄도시락 5종10팩,47900,,0,16,766400
[800g x 2팩] 송가네 송탄 부대찌개 밀키트+라면사리,27900,5.0,3,15,418500
진하고 구수한 들깨수제비 5인분(들깨육수 5팩(팩당 500g)+생수제비 1kg),26500,,0,15,397500
[밀키트] 매콤한 닭볶음탕 1530G,15990,4.6,31,15,239850
일본카레 하우스 바몬드 카레 약간매운맛 230g,9990,,0,14,139860
진하고 구수한 들깨칼국수 5인분(들깨육수 5팩(팩당 500g)+생면 1kg),24500,,0,14,343000
[경복궁]칼집 LA갈비 600gx2팩,70500,,0,12,846000
[전철우] 장터국밥 600g x 2팩,11900,,0,12,142800
[경복궁]사골 육개장 600gx4팩,51700,,0,11,568700
[하남돼지집] 한돈 김치찜 x 2개,31800,5.0,1,11,349800
신사강 무청시래기 된장찌개 400g (1인분),4500,,0,11,49500
[꿀맛나는세상]특허낸 꿀맛칼집구이 400gX2팩,15900,,0,11,174900
[한양족발] 국내산 순살족발(뒷발) x 2개,23800,5.0,1,10,238000
[경복궁]영양 갈비탕 850gx3팩,45000,4.0,1,10,450000
사옹원 바로먹는 불고기 한끼잡채 210g 2개,12200,,0,10,122000
황태진국 밀키트 시원한 황태 해장국 800g,15900,,0,0,0
[사리원] 뼈 없는 갈비탕 600g x 4팩,24900,,0,0,0
[꿀맛나는세상]제주흑돼지 칼집 고추장구이+칼집구이 (각 400g/총 2팩),15900,,0,0,0
[경복궁]영양 갈비탕 850gx5팩,75000,,0,0,0
시티델리 오리지널 가라아게 450G,9990,4.6,163,0,0
"[박참봉부대찌개]송탄식 오리지날 부대찌개 캠핑용 밀키트 1,240g (2~3인분) 간편식",17900,,0,0,0
(냉동) 비비고 노릇하게 구운 고등어구이 60g x2개,16900,,0,0,0
[산해직송 ]남도식 찰순대 토종순대 모음전 (국내산 토종 고기순대 1kg),16000,5.0,2,0,0
비비고 고등어구이 60g 4개+가자미구이 70g x4개,34900,,0,0,0
[꿀맛나는세상]제주흑돼지 칼집고추장구이 400g,7900,,0,0,0
[꿀맛나는세상]제주흑돼지 칼집고추장구이 400gX2팩,15900,,0,0,0
[경복궁]한우 사골고기곰탕 600gx5팩,55000,,0,0,0
[경복궁]한우 떡갈비 200g(100g 2개입)x3팩,52900,,0,0,0
[한양족발] 국내산 족발 세트 (뒷발+미니족발),21800,,0,0,0
애슐리 크리스피 소시지탱글 핫도그 800G,12990,4.7,93,0,0
포차생각 닭볶음탕 1kg(국내산),15900,5.0,1,0,0
복분자 뚝배기 소불고기 400g x 3팩,38900,,0,0,0
(냉동)오뚜기 오감포차새우감바스200g,15430,,0,0,0
CJ 주부초밥왕 새콤달콤 꼬마 유부초밥 149.2g x2개,16900,,0,0,0
[한양족발] 국내산 순살족발(앞발) x 2개,27800,5.0,1,0,0
신사강 김치찌개+김치찜 세트 (총 2.3kg/5팩),29900,,0,0,0
청정원 호밍스 밀키트 서울식 소불고기전골 650g x 2개,33800,,0,0,0
청정원 호밍스 밀키트 마포식 돼지양념구이 210g x 3개,22740,,0,0,0
청정원 도가니탕450g*7ea,60000,,0,0,0
"춘천닭갈비떡볶이 밀키트 떡볶이닭 750g (2인분, 순살닭갈비 400g + 쌀떡 350g)",10900,,0,0,0
삼삼한 병천 서울 토종순대1kg+매콤소스,16500,5.0,2,0,0
[한양족발] 국내산 미니족발 x 2개,19800,,0,0,0
[경복궁]한우 사골고기곰탕 600gx3팩,38800,,0,0,0
[최가네] 100% 한우 갈비뼈로 진한 한우곰탕 500g 한우사태 포함 아기 곰국 사골,8900,,0,0,0
(국내산) 닭볶음탕 1kg+찜닭 1kg 간편 밀키트 2종 1세트,32900,,0,0,0
포차생각 숯불양념통발 400g(국내산),11900,,0,0,0
포차생각 찜닭 1kg(국내산),15900,,0,0,0
가마솥으로 끓인 소고기 육개장 630g x 3팩,31900,,0,0,0
황태진국 밀키트 시원한 황태 해장국 600g,13900,4.0,1,0,0
송가네 송탄 부대찌개 밀키트 800g+라면사리 (2인분),18900,3.0,1,0,0
[산해직송 ]남도식 찰순대 토종순대 모음전 (국내산 찰순대 1kg),13000,,0,0,0
비비고 단팥붕어빵 300g x3개,23900,,0,0,0
삼삼한 병천 서울 찰순대1kg+ 토종순대1kg총2kg+새우젓15g2봉,22500,,0,0,0
요리친구 진양 죽순통조림 홀 400g,6780,5.0,1,0,0
[참다올] 대구전통 오븐으로 초벌한 돼지막창 500g,19900,,0,0,0
[이차돌] 차돌 잡채볶음밥 x 3개,9600,,0,0,0
신사강 배추우거지 수제 어탕 500g (1인분),6900,,0,0,0
[꿀맛나는세상][꿀맛나는세상] 꿀맛칼집구이 400gX6팩 (총 2.4kg),35900,,0,0,0
[경복궁]궁중본갈비 600gx3팩,132000,,0,0,0
[전철우] 육개장 600g x 8팩,28900,,0,0,0
[마녀바스켓] 일본 정통 사누끼 우동 5인 밀키트(면+소스),9500,,0,0,0
해신탕 밀키트 4인분_닭 약초1팩 돌문어 전복6미 새우15미 삼점게3미 칼국수 구성,44200,,0,0,0
냉장상태 수제 알탕 밀키트 1kg,30500,,0,0,0
[800g x 4팩] 송가네 송탄 부대찌개 밀키트+라면사리 2봉,44500,5.0,1,0,0
[산해직송 ]뚝딱잇 한우 곱도리탕 닭도리탕 닭볶음탕 곱창 전골 캠핑 음식 요리 밀키트,25900,,0,0,0
비비고 고등어구이 60g 4개+갈치구이 60g x4개,39900,,0,0,0
돼지벌집껍데기 1kg,23320,,0,0,0
일본 유데 야끼소바면 150g x 5입 75 0g,9100,,0,0,0
농심 신라면 120g 5입 봉지라면,10360,,0,0,0
델리썬 또띠아 랩 (18.5cm) 320g,6290,,0,0,0
냉동 감자 생생 옹심이 1kg,29580,,0,0,0
요리친구 롯데칠성 델몬트 오렌지쥬스 1.5L,8510,,0,0,0
요리친구 동서 보리차 30티백,5000,,0,0,0
[참다올] 대구전통 숙성돼지막창 500g,16500,,0,0,0
CJ 주부초밥왕 한입 사각 유부초밥 400g x2개,21900,,0,0,0
[경복궁]사골 육개장 600gx5팩,55000,5.0,1,0,0
[경복궁]한우사골곰탕 600gx3팩,28200,,0,0,0
[경복궁]양곰탕 600gx5팩,55000,,0,0,0
[경복궁]한우불고기 600gx2팩,82300,,0,0,0
[전철우] 장터국밥 600g x 4팩,17500,,0,0,0
미국남부식 해물찜을 그대로 재연한 보일링크랩,30900,5.0,1,0,0
청정원 포테이토 돈카츠 모짜렐라치즈 390g,8980,,0,0,0
"[박참봉부대찌개]송탄식 오리지날 부대찌개 밀키트 1,240g (2~3인분) 간편식 / 의정",16900,5.0,1,0,0
[마녀바스켓] 바삭한 만두피 호떡쌀 군만두 1kg x2팩,16500,,0,0,0
[마녀바스켓] 일본 정통 사누끼 우동 10인 밀키트(면+소스),13500,,0,0,0
[4팩 2.8kg] 48년 요리역사 요리대가 정쉐프의 간장게장,43000,,0,0,0
해신탕 밀키트 3인분_닭 약초1팩 돌문어 전복3미 새우10미 칼국수 구성,35400,,0,0,0
해신탕 밀키트 2인분_닭 약초1팩 전복2미 새우5미 구성,22100,,0,0,0
성화진미 오리낙지주물럭 800g (오리주물럭500g+낙지볶음300g),27900,,0,0,0
(냉동) 비비고 노릇하게 구운 고등어구이 60g x5개,25900,,0,0,0
송가네 조방 낙곱새 밀키트 800g (낙지+우삼겹+한우곱창+새우),30000,,0,0,0
포차생각 숯불무뼈닭발 280g(국내산),13900,,0,0,0
포차생각 숯불 매운날개 400g(국내산),12900,,0,0,0
[산해직송 ]남도식 찰순대 토종순대 모음전 (국내산 암뽕순대 300g),15000,,0,0,0
[산해직송 ]남도식 찰순대 토종순대 모음전 (국내산 야채순대 1kg),16000,5.0,1,0,0
[산해직송 ]남도식 찰순대 토종순대 모음전 (국내산 매콤찰순대 1kg),13000,,0,0,0
비비고 슈크림 붕어빵 300g x3개,23900,,0,0,0
비비고 생선구이 고등어 60g x3개+삼치 60g x3개+가자미 70g x3개,37900,,0,0,0
삼삼한 병천 서울 토종순대1kg(1+1)총2kg+새우젓15g2봉,26500,,0,0,0
[미스꼬레아] 김볶소스 오리지날 매콤한맛 300g (2인분용),9900,,0,0,0
크노르 랍스터소스 500g,36610,,0,0,0
네추럴스파이스 펜넬 씨드 40g,6660,5.0,1,0,0
돼지벌집껍데기 200g,5670,,0,0,0
장금이옛날찐빵 2.4kg 겨울간식 냉동식품 간편조리,34810,5.0,1,0,0
아와세 미소 1kg 미소국 된장,11990,,0,0,0
신사강 김치짜글이 500g (2-3인분),10900,,0,0,0
[사리원] 뼈 없는 갈비탕 600g x 10팩,54500,,0,0,0
[경복궁]기력충전 구성 (칼집 LA갈비 1팩+한우 떡갈비 1팩+꼬리곰탕 1팩),54500,,0,0,0
[꿀맛나는세상]꿀맛나는 특허낸 칼집구이 400g,7900,,0,0,0
[경복궁]사골 육개장 600gx3팩,33000,,0,0,0
[경복궁]궁중본갈비 600gx2팩,103500,,0,0,0
[참다올 홈카페] 엄마손 수제 닭가슴살 샐러드 약 300g x 2,21500,,0,0,0
[전철우] 장터국밥 600g x 6팩,23900,,0,0,0
[전철우] 육개장 600g x 2팩,12900,,0,0,0
[밀키트] 불화짬뽕 찌개 476G,10900,4.1,11,0,0
"[박참봉부대찌개]송탄식 모듬 부대찌개 캠핑용 밀키트 1,460g (2~3인분) 간편식 /",25900,,0,0,0
[마녀바스켓] 부산 자갈치 어묵탕 x8팩 (스프포함),7900,,0,0,0
엄지식품 순한맛메밀전병(120gx 10개 1.2K) 전병 간식전병 후식전병 디저트전병 냉동,18260,,0,0,0
프롬마더 밀키트 푸짐한 오돌뼈 400g,10900,,0,0,0
한돈잡채 밀키트 돼지고기 냉동 야채 잡채 350g,6900,,0,0,0
[푸른들마켓][고기진심] 뚝배기불고기 400g,5800,,0,0,0
착한낙지세트 6팩 (손질낙지 6팩+양념 6팩),39900,,0,0,0
(냉동) 비비고 갈치구이 70g x5개,32900,,0,0,0
포차생각 숯불 무뼈국물닭발 500g(국내산),14900,,0,0,0
포차생각 닭모래집 250g 닭똥집,10900,5.0,1,0,0
비비고 슈크림 붕어빵 300g x5개,32900,,0,0,0
냉장상태 수제 알탕 밀키트 1kg,30500,,0,0,0
[경복궁]직화 고추장 불고기 150gx6팩,55800,,0,0,0
포항죽도시장 고등어 시래기조림 캠핑 밀키트 3~5인용,22500,,0,0,0
비비고 삼치구이 60g x4개+고등어구이 60g x4개,34900,,0,0,0
삼삼한 병천 서울 찰순대1kg+새우젓15g,12900,,0,0,0
농심 신라면 120g 30ea(박스) 매운 봉지라면,64960,,0,0,0
오타후쿠 야끼소바 소스 300g,9320,,0,0,0
3분 쇠고기짜장 200g 오뚜기,3130,,0,0,0
마스터오브믹스 피나콜라다 칵테일 믹스 1L,24410,,0,0,0
요리친구 CJ백설 레몬식초 900ml,5200,,0,0,0
요리친구 오뚜기 옛날국수 소면 900g,7030,,0,0,0
데체코 세몰리나 듀럼밀 1kg,14640,,0,0,0
식자재 도매) 사각 월남쌈(몬 16Cmx300g) 1개,6640,,0,0,0
오뚜기 카레 매운맛 1kg,17320,,0,0,0
샘표 남대문 갈치조림 양념 200g X 5개,36610,,0,0,0
오뚜기 카레 순한맛 1kg X 2개,33280,,0,0,0
참나무 훈연막창500g(된장소스100g포함),23900,,0,0,0
홀리셔스 감탄도시락 5종 20팩,89000,,0,0,0
CJ 주부초밥왕 새콤달콤 유부초밥 도시락 기획 280g x2개,18900,,0,0,0
쿡킷 트러플 부채살 찹스테이크 밀키트 385g x3개,71900,,0,0,0
청정원 호밍스 밀키트 햄&고기 듬뿍 부대찌개 600g x2개,27800,,0,0,0
[꿀맛나는세상][꿀맛나는세상] 칼집고추장구이 3팩+꿀맛칼집구이 3팩 (총 6팩/2.4kg),35900,,0,0,0
[꿀맛나는세상][꿀맛나는세상] 제주 흑돼지 칼집고추장구이 400gX4팩 (총 1.6kg),25900,,0,0,0
[경복궁]손님 한 상차림 선물 세트(한우불고기+칼집 LA갈비+한우사골고기곰탕 2팩),92000,,0,0,0
[사리원] 뼈 없는 갈비탕 600g x 8팩,44900,,0,0,0
[참다올 홈카페] 수제 샌드위치 앤 샐러드(베이컨 샌드위치 반쪽+새우 샐러드),26900,,0,0,0
[참다올 홈카페] 엄마손 수제 크랩맛 샐러드 약 300g x 2,21500,,0,0,0
[참다올 홈카페] 엄마손 수제 참치마요 치아바타 샌드위치 x 2,22500,,0,0,0
[전철우] 장터국밥 600g x 8팩,28900,,0,0,0
청정원 탄탄멘소스 2kg /식자재/대용량,29200,,0,0,0
[전철우] 육개장 600g x 4팩,17500,,0,0,0
[밀키트] 팔당원조칼제비 얼큰한맛 냉동 491G,9990,5.0,3,0,0
이태원식 햄가득 부대찌개 밀키트 1.2kg 밀키트 부대찌개 재료 부대찌개육수 부대찌개용소시,15790,,0,0,0
[산해직송 ]수제 한입 쪽갈비 700g x 2팩,35000,,0,0,0
해썹인증 국내산 돼지고기 돈간 허파세트 200g,7600,,0,0,0
바삭 해물 오징어 까스 튀김 2.5kg,24900,,0,0,0
라레이나 밀또띠아 8인치 12입 510g 또띠아 냉동또띠아 원형또띠아 간편또띠아 또띠아요리,9150,,0,0,0
타코야끼 1kg 50알 타코야끼 타코야끼간식 타코야끼빵 빵 문어빵 문어빵간식 간편조리문어빵,10360,,0,0,0
[산해직송 ]뚝딱잇 안동 순살 간장찜닭 밀키트 2인분,20000,,0,0,0
해썹인증 기본 순대 찰순대 냉장 2kg,14900,,0,0,0
속초 오징어순대의 반란 400g x 2봉지,45900,,0,0,0
속초 오징어순대의 반란 400g x 1봉지,27900,,0,0,0
아하 찰수수 부꾸미 1.2K 찹쌀부꾸미 부꾸미 팥앙금 아하부꾸미 부꾸미맛집 찹쌀가루 찰수수,15500,,0,0,0
천사채(가는 부광 1k) 셀러드 샐러드재료 데코재료 플레이팅재료 천사채 데코천사채 플레이팅,7240,,0,0,0
하림 텐더스틱(1K) 치킨너겟 냉동치킨너겟 순살치킨너겟 즉석치킨너겟 술안주 호프안주 냉동반,26000,,0,0,0
[산정마을] 진하게 우려낸 닭개장 + 닭곰탕 2세트(총4팩),24100,,0,0,0
[산정마을] 진하게 우려낸 닭개장 + 닭곰탕 1세트(총2팩),16400,,0,0,0
청정원 맑은닭곰탕 450g*6ea,40000,,0,0,0
청정원 호밍스 낙곱새전골 800g*2ea,45000,,0,0,0
[마녀바스켓] 부산 깡통시장 꼬치어묵 40개(10개입x4봉)+소스4봉,16500,,0,0,0
[마녀바스켓] 부산 깡통시장 꼬치어묵 20개입(10개입x2봉)+소스2봉,10900,5.0,1,0,0
[마녀바스켓] 부산 자갈치 어묵탕 x5팩 (스프포함),12500,,0,0,0
[마녀바스켓] 부산 자갈치 어묵탕 x3팩 (스프포함),9500,,0,0,0
[마녀바스켓] 부산 어묵 장인 자갈치 어묵탕 200g,6500,,0,0,0
[마녀바스켓] 일본 정통 사누끼 우동 10인 밀키트(면+소스+건더기스프),15500,,0,0,0
소담스레 간편조리 밀키트 소곱창전골 810g,39900,,0,0,0
햇반 컵반 순대국밥 301.5g x6개,36900,,0,0,0
선진 고추 유린기 2200g(10인분) 국내산 닭 대용량 밀키트,46590,,0,0,0
[푸른들마켓][삼원가든] 오색잡채 300g,9900,,0,0,0
미식만찬 완조리 소고기 육전 350g+350g,75000,3.0,1,0,0
착한낙지세트 13팩 (손질낙지 13팩+양념 13팩),82900,,0,0,0
(냉동) 비비고 갈치구이 70g x2개,19900,,0,0,0
비비고 순살 임연수구이 60g x2개,17900,,0,0,0
포차생각 숯불무뼈닭발 280g,12900,,0,0,0
가마솥으로 끓인 시래기 소내장탕 630g x 3팩,38900,,0,0,0
[800g x 3팩] 송가네 송탄 부대찌개 밀키트+라면사리 2봉,36900,,0,0,0
비비고 단팥붕어빵 300g x5개,32900,,0,0,0
비비고 슈크림 붕어빵 300g x2개,19900,,0,0,0
[경복궁]직화 석쇠 불고기 150gx6팩,55800,,0,0,0
포항죽도시장 맑은복어탕 맛집 캠핑 밀키트 3~4인용 국내산,31500,,0,0,0
비비고 생선구이 고등어 60g x5개+삼치 60g x5개+가자미 70g x5개,55900,,0,0,0
[경복궁]궁중본갈비 600g & 한우불고기 600g 혼합 선물세트,95000,,0,0,0
삼삼한 병천 서울 찰순대1kg(1+1)총2kg+새우젓15g2봉,17500,,0,0,0
삼삼한 병천 서울 찰순대1kg(1+1+1)총3kg+새우젓15g3봉,23500,,0,0,0
삼삼한 맛있는 서울 백순대 1kg(1+1)총 2kg,27900,,0,0,0
[미스꼬레아] 김볶소스 오리지날 매콤한맛 300gX3팩 (총 6인분용),29700,,0,0,0
[미스꼬레아] 김볶소스 카레맛 300gX3팩 (총 6인분용),29700,,0,0,0
참나무 훈연막창500g(된장소스100g포함)X2,41900,,0,0,0
참나무 초벌막창500g(된장소스100g포함)+훈연막창500g(된장소스 100g포함),42900,,0,0,0
대구 팔공산 훈제 양념곱창 400g+양념막창 400g,39900,,0,0,0
대구 팔공산 훈제 양념막창 400g,23900,,0,0,0
일본카레 하우스 자바카레 매운맛 185g,10170,,0,0,0
만능 마늘간장 소스 2kg,32530,2.0,1,0,0
일본카레 하우스 자바카레 약간매운맛 185g,10170,,0,0,0
농심 사리면 110g 30ea(박스) 봉지라면,21270,,0,0,0
류씨네 김치용 매운 굵은 고춧가루 1kg,37050,,0,0,0
떡안애 스위트콘치즈볼 1kg 아이들간식 간편조리,14790,,0,0,0
양념 숙성 돼지납작 막창 1kg,29080,,0,0,0
오타후쿠 오꼬노미 소스 300g,9320,,0,0,0
beaufor 뷰포 홀그레인 머스타드 200g,9100,,0,0,0
(냉동)맛찬들감자수제비 1kg,6210,,0,0,0
오뚜기 야채 스프 1kg,22190,,0,0,0
테레 블랙트러플 엑스트라버진 올리브오일 500ml,45700,,0,0,0
화풍 고구마 전분 양장피 채 250g,6480,,0,0,0
마르티넬리 스파클링 애플주스 296ml x 24병 1박스,96730,,0,0,0
디벨라 카넬리니 빈스 400g,5110,,0,0,0
요리친구 CJ하선정 멸치액젓 3kg,22290,,0,0,0
SIB 베이킹 파우더 150g,7550,,0,0,0
(냉동)문어가통째로타코야끼 1kg,14320,,0,0,0
요리친구 오뚜기 3배 양조식초 900ml,4880,,0,0,0
폰티 화이트와인 식초 500ml,6880,,0,0,0
요리친구 CJ해찬들 재래식된장 골드 14kg,71370,,0,0,0
일본카레 하우스 바몬드 카레 순한맛 1kg,30320,,0,0,0
간장매콤 도래창 200g,9270,,0,0,0
선굼터 고등어김치조림 400g 간편조리식품,10730,,0,0,0
하늘청 식혜 농축 원액 790ml,14640,,0,0,0
매운숯불 닭갈비 500g,19050,,0,0,0
판타넬라 펜네 리가티 No.71 500g,4660,,0,0,0
이엔푸드 샤브샤브 맛내기 육수 1.8L,28410,,0,0,0
당침 팥배기 2kg,24410,,0,0,0
중식 고추기름 라오깐마 또우츠 유라죠우 280g,7330,,0,0,0
요리친구 오뚜기 돈까스소스 2.1kg,10960,,0,0,0
움트리 실장님 회초장 2kg,19300,,0,0,0
폰티 레드와인식초 500ml,6880,,0,0,0
시레사 페코리노 로마노 치즈 약500g,68140,,0,0,0
(냉동)글로벌밀12 IN치또띠아 1.02kgX10개,153370,,0,0,0
요리친구 진미 춘장 300g,3500,,0,0,0
대구 팔공산 훈제 양념막창 400gX2,41900,,0,0,0
대구 팔공산 훈제 양념곱창 400gX2,36900,1.0,1,0,0
대구 팔공산 훈제 양념곱창 400g+양념막창 400g,39900,,0,0,0
대구 팔공산 훈제 양념곱창 400g,21900,,0,0,0
[전철우] 소갈비탕 600g x 6팩,31900,,0,0,0
[전철우] 소갈비탕 600g x 8팩,39900,,0,0,0
[전철우] 나주곰탕 2팩 + 장터국밥 2팩 + 육개장 2팩,24900,,0,0,0
CJ 주부초밥왕 새콤달콤 오리지널 유부초밥 320g x2개,19900,,0,0,0
쿡킷 트러플 부채살 찹스테이크 밀키트 385g x2개,51900,,0,0,0
CJ 주부초밥왕 한입 사각 유부초밥 400g x6개,41900,,0,0,0
초간편 제주 비건 비빔밥 제주건강밥상,17000,,0,0,0
청정원 호밍스 밀키트 햄&고기 듬뿍 부대찌개 600g x2개,27800,,0,0,0
청정원 호밍스 밀키트 궁중식 간장양념 찜닭 670g x2개,27800,,0,0,0
[경복궁]BEST 한상 구성 (한우 떡갈비 1팩+ 양곰탕 1팩+한우사골곰탕 1팩),39900,,0,0,0
[경복궁]한우불고기 600gx3팩,123500,,0,0,0
[참다올 홈카페] 수제 샌드위치 앤 샐러드(베이컨 샌드위치 반쪽+콩불고기 샐러드),26900,,0,0,0
[참다올 홈카페] 엄마손 수제 바질페스토 닭가슴살 샌드위치(전체) x 2,25500,,0,0,0
[참다올 홈카페] 엄마손 수제 새우 샐러드 약 300g x 2,21500,,0,0,0
[참다올 홈카페] 엄마손 수제 통새우 치아바타 샌드위치 x 2,23900,,0,0,0
[참다올 홈카페] 엄마손 수제 햄치즈 치아바타 샌드위치 x 2,21500,,0,0,0
쉐프원 영양만점 부드러운 스크램블에그 1kg /식자재/대용량,16640,,0,0,0
사옹원 동태전 냉동 1Kg 냉동동태전 동태전 동태달걀전 냉동전 동태계란전,29440,,0,0,0
떡산적(식자대감 냉동 1K) 즉석요리산적 떡산적 안주용산적 떡산적스테이크 냉동산적,12780,,0,0,0
떡산적스테이크(식자대감 냉동 2K) 떡산적스테이크 산적스테이크 안주용산적 즉석요리산적 간편,23560,,0,0,0
냉동 생생 감자 옹심이 150g X 4봉 (600g) 비건옹심이 채식감자옹심이 간편조리감자,18310,,0,0,0
(냉동) 콩살들이 1kg (무오신채) 콩까스 집에서즐기는 베지 비건 콩불고기,27250,,0,0,0
(냉동) 콩살들이 500g (무오신채) 안전한먹거리 고구마까스 맛난 냠냠맛있는 즐기는,16350,,0,0,0
(냉동) 삼육 콩콩콩까스 1.2kg 맛있는콩까스 냉동콩까스 튀김냉동 튀김반찬 냉동튀김,32570,,0,0,0
삼육 콩콩콩너비안 1kg 반찬용콩너비안 간편조리콩너비안 콩너비안반찬 비건푸드 너비아니,31170,,0,0,0
비건 한입 스테이크 1kg 채식푸드 한입스테이크 스테이크반찬 채식스테이크 간편조리스테이크,34660,,0,0,0
(냉동) 삼육 채식 콩불구이 1kg 채식 담백한맛 채식콩고기 콩고기 콩단백,27250,,0,0,0
(냉동) 비건양념강정 400g (구 베지믹스볼) 간편반찬 즉석강정 양념강정 냉동강정 냉동반,12720,,0,0,0
사세 버팔로스틱 1Kg 안주용치킨봉 냉동치킨봉 후식치킨봉 간편치킨봉 치킨봉,18170,,0,0,0
사세 버팔로윙 1Kg 즉석치킨윙 치킨윙 냉동식품 맛있는치킨윙 안주용치킨윙,22920,,0,0,0
(냉동) 베지스모킹 (허니구스향) 600g 몸에좋은영양소 건강에좋은음식 맛나는 즐기는 안전,24180,,0,0,0
(냉동) 비건너비아니 1kg 사계절 오뎅 맛난 맛나는 매콤달콤맛,36480,,0,0,0
(냉동) 쏘이버거(패티) 240g 콩고기 콩까스 몸에좋은영양소 간편한아침식사 담백한맛,12720,,0,0,0
비건저키오리진 (채식육포) 50g X 3개 오리진 저키오리진 즉석식품 즉석오리진 간편오리진,16350,,0,0,0
사세 바삭통다리치킨 1.3Kg 냉동치킨 냉동간편조리닭 통다리튀김 바삭한치킨 통다리후라이드,22360,,0,0,0
피쉬볼(랜시푸드 두부모양 500g) 간편피쉬볼 피쉬볼 대용량피쉬볼 간편조리 피시볼,13720,,0,0,0
야마야 튜브명란 90g X 2,28900,,0,0,0
BBQ엉클 햄 소시지 김치 부대찌개 라면사리 밀키트 5팩,48400,,0,0,0
BBQ엉클 햄 소시지 김치 부대찌개 라면사리 밀키트 2팩,22600,,0,0,0
이태원식 햄가득 부대찌개 밀키트 2.4kg 밀키트 부대찌개 재료 부대찌개육수 부대찌개용소시,28050,,0,0,0
스페인식 새우 감바스 밀키트 280g 감바스 알아히요 감바스 새우 감바스 알하이요 쉬운 집,14030,,0,0,0
[산해직송 ]수제 한입 쪽갈비 700g x 1팩,20000,,0,0,0
[마녀바스켓] 부산 깡통시장 물떡꼬치 10개입(소스포함),9500,,0,0,0
삼선 구운제주갈치 120g 40팩,219000,,0,0,0
삼선 구운제주갈치 120g 15팩,88900,,0,0,0
삼선 구운제주갈치 120g 13팩,77900,,0,0,0
삼선 구운제주갈치 120g 10팩,61900,,0,0,0
삼선 구운제주갈치 120g 8팩,50900,,0,0,0
삼선 구운제주갈치 120g 5팩,33900,,0,0,0
삼선 구운제주갈치 120g 3팩,22900,,0,0,0
삼선 구운조기 120g 40팩,189000,,0,0,0
삼선 구운조기 120g 15팩,76900,,0,0,0
삼선 구운조기 120g 13팩,67900,,0,0,0
삼선 구운조기 120g 10팩,53900,,0,0,0
삼선 구운조기 120g 8팩,44900,,0,0,0
삼선 구운조기 120g 5팩,30900,,0,0,0
삼선 구운조기 120g 3팩,20900,,0,0,0
삼선 구운가자미 120g 40팩,165000,,0,0,0
삼선 구운가자미 120g 15팩,67900,,0,0,0
삼선 구운가자미 120g 13팩,59900,,0,0,0
삼선 구운가자미 120g 10팩,47900,,0,0,0
삼선 구운가자미 120g 8팩,39900,,0,0,0
삼선 구운가자미 120g 5팩,27900,,0,0,0
삼선 구운가자미 120g 3팩,18900,,0,0,0
해썹인증 기본 순대 찰순대 냉장 2kg,18100,,0,0,0
해썹인증 토종순대 냉동 500g,11600,,0,0,0
해썹인증 두부와 야채로 만든 담백 두부순대 냉동 500g,11800,,0,0,0
해썹인증 국내산 찹쌀로 만든 찹쌀순대 냉동 500g,11800,,0,0,0
해썹인증 국내산 돼지고기 삶은 오소리 150g,8600,,0,0,0
해썹인증 국내산 돼지고기 삶은 돈허파 300g,7800,,0,0,0
해썹인증 국내산 돼지고기 돈간 허파세트 200g,7600,,0,0,0
해썹인증 국내산 돼지고기 내장돈육세트 200g,8500,,0,0,0
해썹인증 기본 순대 찰순대 냉장 2kg,18100,,0,0,0
해썹인증 토종순대 냉동 500g,11600,,0,0,0
해썹인증 두부와 야채로 만든 담백 두부순대 냉동 500g,11800,,0,0,0
해썹인증 국내산 찹쌀로 만든 찹쌀순대 냉동 500g,11800,,0,0,0
해썹인증 국내산 돼지고기 삶은 오소리 150g,8600,,0,0,0
해썹인증 국내산 돼지고기 삶은 돈허파 300g,7800,,0,0,0
해썹인증 국내산 돼지고기 내장돈육세트 200g,8500,,0,0,0
해썹인증 기본 순대 찰순대 냉장 2kg,18100,,0,0,0
해썹인증 토종순대 냉동 500g,11600,,0,0,0
해썹인증 두부와 야채로 만든 담백 두부순대 냉동 500g,11800,,0,0,0
해썹인증 국내산 찹쌀로 만든 찹쌀순대 냉동 500g,11800,,0,0,0
해썹인증 국내산 돼지고기 삶은 오소리 150g,8600,,0,0,0
해썹인증 국내산 돼지고기 삶은 돈허파 300g,7800,,0,0,0
해썹인증 국내산 돼지고기 돈간 허파세트 200g,7600,,0,0,0
해썹인증 국내산 돼지고기 내장돈육세트 200g,8500,,0,0,0
수제 특제소스로 양념한 간편 밀키트 낙곱새 879g + 라면사리,24200,,0,0,0
수제 특제소스로 양념한 간편 밀키트 낙곱새 879g,23200,,0,0,0
THE 맛있는 송탄식 부대찌개 800g 부대찌개 부대찌게 송탄 의정부 얼큰 칼칼 부대 찌개,9080,,0,0,0
라레이나 밀또띠아 10인치 12장 790g 또띠아 냉동또띠아 원형또띠아 간편또띠아 또띠아요,13190,,0,0,0
황보마을 혼합야채(4종 볶음밥용 1K) 혼합야채 냉동야채 냉동혼합야채 볶음밥야채 요리용야채,8600,,0,0,0
세미원 오꼬노미야끼 4개입 1.4kg X6 오꼬노미야키믹스반죽 오코노미야끼반죽 오코노미야키,136190,,0,0,0
사세통상 바베큐 윙스틱 1kg X10 바베큐윙스틱 윙스틱 치킨윙 윙 닭고기 냉동닭고기 냉동,189520,,0,0,0
영양만점 갈비맛 산적 1.2kg(60gX20개)X10봉 갈비산적 갈비맛산적 고기산적 산적반,107920,,0,0,0
담두 메밀 전병 1.2kg X8 간편조리냉동메밀전병 전병간식 메밀전병 전병 냉동식품 간편냉,113300,,0,0,0
갑오징어피쉬볼(머위안 400g) X20 냉동피쉬볼 피시볼 마라탕피쉬볼 마라탕재료 식당용피쉬,102370,,0,0,0
샤완피쉬볼(새우 400g) X20 냉동피쉬볼 피시볼 마라탕피쉬볼 마라탕재료 식당용피쉬볼 업,102370,,0,0,0
어두부피쉬볼(400g) X20 냉동피쉬볼 피시볼 마라탕피쉬볼 마라탕재료 식당용피쉬볼 업소용,102370,,0,0,0
후리가께 가쓰오풍 매운맛 50g(1타 10개입) 25.12.18 밥양념 뿌려먹는후리가께 가,13000,,0,0,0
미니쌀떡꼬치1.35kgX10봉 45gX300개 쌀떡스틱 쌀떡꼬치 미니떡꼬치 냉동떡꼬치 안주,100950,,0,0,0
고명용 계란지단 채 300g X10 지단 고명 간편지단 간편고명 고명채 달걀지단 계란고명,57570,,0,0,0
하나 가쓰오부시 500g 일식우동 일식재료 일식요리재료 가쓰오부시 육수재료 일식육수 일본육,22220,,0,0,0
(이푸드)갈비탕 600g X 5 즉석조리갈비탕 포장갈비탕 즉석조리식품 간편조리식품 간편조리,25780,,0,0,0
(이푸드)인삼왕갈비탕 800g X 5 즉석조리갈비탕 포장갈비탕 즉석조리식품 간편조리식품 간,53000,,0,0,0
삼양 더블 함박 스테이크 1kg X 5 냉동함박스테이크 밥반찬 반찬 스테이크반찬 함박스테이,76180,,0,0,0
삼양 골드 함박 스테이크 1kg X 5 밥반찬 반찬 스테이크반찬 함박스테이크반찬 냉동식품,63640,,0,0,0
삼양 고기 산적 1kg X 10 고기산적 전통고기산적 즉석조리식품 냉동식품 냉동산적 냉동고,95320,,0,0,0
삼양 두부 스테이크 1.2kg X 5 밥반찬 반찬 스테이크반찬 두부스테이크반찬 냉동식품 간,74060,,0,0,0
타코야끼 1kg X 10봉 타코야끼간식 타코야끼빵 빵 문어빵 문어빵간식 간편조리문어빵 간편,93970,,0,0,0
미트볼 굿프랜즈 1Kg X5 반찬미트볼 맛있는미트볼 어린이미트볼 키즈미트볼 아이미트볼 파스,39830,,0,0,0
미트볼 굿프랜즈 1Kg X10 반찬미트볼 맛있는미트볼 어린이미트볼 키즈미트볼 아이미트볼 파,75190,,0,0,0
번데기 4Kg 대용량번데기 냉동번데기 업소용번데기 번대기 식당용번데기 고급번데기 간식번데기,32310,,0,0,0
피쉬볼(랜시푸드 두부모양 500g) X6 냉동피쉬볼 피시볼 마라탕피쉬볼 마라탕재료 식당용피,62310,,0,0,0
통통유부 프레시원 500g X5 맛있는유부 가정용유부 업소용유부 식당용유부 고급유부 우동용,44240,,0,0,0
통통유부 프레시원 500g X10 맛있는유부 가정용유부 업소용유부 식당용유부 고급유부 우동,84840,,0,0,0
갑오징어피쉬볼(머위안 400g) X10 냉동피쉬볼 피시볼 마라탕피쉬볼 마라탕재료 식당용피쉬,52830,,0,0,0
샤완피쉬볼(새우 400g) X10 냉동피쉬볼 피시볼 마라탕피쉬볼 마라탕재료 식당용피쉬볼 업,52830,,0,0,0
어두부피쉬볼(400g) X10 냉동피쉬볼 피시볼 마라탕피쉬볼 마라탕재료 식당용피쉬볼 업소용,52830,,0,0,0
롱샤피쉬볼(새우 400g) X10 냉동피쉬볼 피시볼 마라탕피쉬볼 마라탕재료 식당용피쉬볼 업,60730,,0,0,0
장위완피쉬볼(문어 400g) X10 냉동피쉬볼 피시볼 마라탕피쉬볼 마라탕재료 식당용피쉬볼,52830,,0,0,0
장위완피쉬볼(문어 400g) X20 냉동피쉬볼 피시볼 마라탕피쉬볼 마라탕재료 식당용피쉬볼,99650,,0,0,0
이츠웰 밀품은또띠아(6인치 12장 240g) X10 원형또띠아 간편또띠아 또띠아요리 또띠아,37900,,0,0,0
이츠웰 밀품은또띠아(10인치 12장 780g) X10 원형또띠아 간편또띠아 또띠아요리 또띠,73220,,0,0,0
이츠웰 밀품은또띠아(8인치 12장 496g) X10 원형또띠아 간편또띠아 또띠아요리 또띠아,50540,,0,0,0
치즈볼생지(서울식품공업 25g x30개) 크리스피치즈볼 동그란치즈볼 찰치즈볼 치즈볼 냉동치,22220,,0,0,0
엠디에스 멘보샤(30g x20개 600g) 술안주 호프안주 맥주안주 간식멘보샤 냉동멘보샤,23520,,0,0,0
쌀떡꼬치900gX15봉 90gX150개 쌀떡스틱 쌀떡꼬치 롱떡꼬치 냉동떡꼬치 안주떡꼬치 어,90100,,0,0,0
수제 특제소스로 양념한 간편 밀키트 낙곱새 879g + 라면사리,21000,,0,0,0
수제 특제소스로 양념한 간편 밀키트 낙곱새 879g,20000,,0,0,0
해썹인증 토종순대 냉동 500g,8300,,0,0,0
해썹인증 두부와 야채로 만든 담백 두부순대 냉동 500g,8600,,0,0,0
해썹인증 국내산 찹쌀로 만든 찹쌀순대 냉동 500g,8600,,0,0,0
해썹인증 국내산 돼지고기 삶은 돈허파 300g,4500,,0,0,0
해썹인증 국내산 돼지고기 돈간 허파세트 200g,4400,,0,0,0
해썹인증 국내산 돼지고기 내장돈육세트 200g,5200,,0,0,0
해썹인증 국내산 돼지고기 순대국용 수육고기 냉동 170g,5700,,0,0,0
[경복궁][경복궁] 소갈비찜 800gx2팩,99000,,0,0,0
[경복궁][경복궁] 소갈비찜 800gx3팩,148500,,0,0,0
속초 오징어순대의 반란 400g x 3봉지,64900,,0,0,0
감자전병(아하 1.2K) 센베이 전병맛집 감자가루 나물전병 아하나물전병 감자전분,13700,,0,0,0
선봉 곱창전골 800g 간편조리식품 즉석조리식품 레토르트식품 즉석전골 즉석곱창전골 간편곱창,14180,,0,0,0
고명용 계란지단 채 300g 계란지단 지단 고명 간편지단 간편고명 고명채 달걀지단 계란고명,8440,,0,0,0
안주세상 부대찌개(400g) 부대찌개 냉동부대찌개 즉석부대찌개 간편부대찌개 맛있는부대찌개,7120,,0,0,0
양념 근위볶음(400g) 닭똥집 냉동닭똥집 양념닭똥집 즉석닭똥집 간편닭똥집 술안주 호프안주,7750,,0,0,0
튤립 불닭발 330g 닭발 양념닭발 술안주 소주안주 맥주안주 냉동닭발 즉석닭발 간편닭발 불,11080,,0,0,0
천사채(가는 부광 1k) X2 셀러드 샐러드재료 데코재료 플레이팅재료 천사채 데코천사채 플,11140,,0,0,0
낙지볶음(냠냠 350g) 낙지볶음 냉동낙지볶음 즉석낙지볶음 간편낙지볶음 맛있는낙지볶음 반찬,7890,,0,0,0
양념오돌뼈(냠냠 400g) 오돌뼈 냉동오돌뼈 즉석오돌뼈 간편오돌뼈 술안주 호프안주 맥주안주,6840,,0,0,0
화로 무뼈 불 닭발(안주세상250g) 화로닭발 냉동닭발 즉석닭발 간편닭발 술안주 호프안주,11930,,0,0,0
화로 불 오돌뼈(안주세상230g) 오돌뼈 냉동오돌뼈 즉석오돌뼈 간편오돌뼈 술안주 호프안주,8080,,0,0,0
하나 가쓰오부시 500g 일식요리 일식우동 일식재료 일식요리재료 가쓰오부시 육수재료 일식육,22220,,0,0,0
라레이나 밀또띠아 6인치 12입 340g 또띠아 냉동또띠아 원형또띠아 간편또띠아 또띠아요리,8260,,0,0,0
라레이나 밀또띠아 6인치 12입 340g X5 또띠아 냉동또띠아 원형또띠아 간편또띠아 또띠,28500,,0,0,0
라레이나 밀또띠아 8인치 12입 510g 또띠아 냉동또띠아 원형또띠아 간편또띠아 또띠아요리,9150,,0,0,0
라레이나 밀또띠아 10인치 12장 790g 또띠아 냉동또띠아 원형또띠아 간편또띠아 또띠아요,13190,,0,0,0
또띠아 밀 12 gYk 1020g 12장 또띠아 냉동또띠아 원형또띠아 간편또띠아 또띠아요리,16250,,0,0,0
세미원 오꼬노미야끼 4개입 1.4kg 오코노미야끼믹스반죽 오꼬노미야키믹스반죽 오코노미야끼반,25840,,0,0,0
해조 천사채 소 1k X10 셀러드 샐러드재료 데코재료 플레이팅재료 천사채 데코천사채 플레,35460,,0,0,0
해조 천사채 대 1k X10 셀러드 샐러드재료 데코재료 플레이팅재료 천사채 데코천사채 플레,35460,,0,0,0
사세통상 바베큐 윙스틱 1kg 바베큐윙 바베큐윙스틱 윙스틱 치킨윙 윙 닭고기 냉동닭고기 냉,22880,,0,0,0
해조 천사채 실 1k X10 셀러드 샐러드재료 데코재료 플레이팅재료 천사채 데코천사채 플레,35460,,0,0,0
고기 떡산적 스테이크 2kg(60gx33개이상) 떡산적스테이크 산적스테이크 스테이크산적 냉,20140,,0,0,0
(이푸드)갈비탕 600g X 5 갈비탕 즉석조리갈비탕 포장갈비탕 즉석조리식품 간편조리식품,25780,,0,0,0
(이푸드)인삼왕갈비탕 800g 갈비탕 즉석조리갈비탕 포장갈비탕 즉석조리식품 간편조리식품 간,10750,,0,0,0
삼양 더블 함박 스테이크 1kg 더블함박스테이크 냉동함박스테이크 밥반찬 반찬 스테이크반찬,15680,,0,0,0
(삼양)골드함박스테이크 1k 냉동함박스테이크 밥반찬 반찬 스테이크반찬 함박스테이크반찬 냉동,13060,,0,0,0
삼양 고기 산적 1kg 산적 고기산적 전통고기산적 즉석조리식품 냉동식품 냉동산적 냉동고기산,10080,,0,0,0
삼양 두부 스테이크 1.2kg 냉동두부스테이크 밥반찬 반찬 스테이크반찬 두부스테이크반찬 냉,15250,,0,0,0
곰돌이 갈비맛 산적 1kg(100gX10개) X 2봉 산적 고기산적 갈비맛고기산적 즉석조리,17310,,0,0,0
영양만점 갈비맛 산적 1.2kg(60gX20개) 산적 갈비산적 갈비맛산적 고기산적 산적반찬,11930,,0,0,0
미트볼 굿프랜즈 1Kg 냉동미트볼 반찬미트볼 맛있는미트볼 어린이미트볼 키즈미트볼 아이미트볼,10470,,0,0,0
번데기 4Kg 안주번데기 대용량번데기 냉동번데기 업소용번데기 번대기 식당용번데기 고급번데기,32310,,0,0,0
피쉬볼(랜시푸드 두부모양 500g) 피쉬볼 냉동피쉬볼 피시볼 마라탕피쉬볼 마라탕재료 식당용,13720,,0,0,0
통통유부 프레시원 500g 냉동유부 맛있는유부 가정용유부 업소용유부 식당용유부 고급유부 우,11830,,0,0,0
갑오징어피쉬볼(머위안 400g) 피쉬볼 냉동피쉬볼 피시볼 마라탕피쉬볼 마라탕재료 식당용피쉬,8260,,0,0,0
어두부피쉬볼(400g) 피쉬볼 냉동피쉬볼 피시볼 마라탕피쉬볼 마라탕재료 식당용피쉬볼 업소용,8260,,0,0,0
롱샤피쉬볼(새우 400g) 피쉬볼 냉동피쉬볼 피시볼 마라탕피쉬볼 마라탕재료 식당용피쉬볼 업,9150,,0,0,0
장위완피쉬볼(문어 400g) 피쉬볼 냉동피쉬볼 피시볼 마라탕피쉬볼 마라탕재료 식당용피쉬볼,8260,,0,0,0
후리가께 카레맛 50g(1타 10개입) 26.02.13 카레맛밥양념 뿌려먹는후리가케 카레맛,11460,,0,0,0
후리가께 짜장맛 50g(1타 10개입) 26.01.11 짜장맛밥양념 뿌려먹는후리가케 짜장맛,11460,,0,0,0
후리가께 가쓰오풍 매운맛 50g(1타 10개입) 25.12.18 매운후리가께 밥양념 뿌려먹,13000,,0,0,0
이츠웰 밀품은또띠아(6인치 12장 240g) 또띠아 원형또띠아 간편또띠아 또띠아요리 또띠아,6700,,0,0,0
이츠웰 밀품은또띠아(6인치 12장 240g) X10 또띠아 원형또띠아 간편또띠아 또띠아요리,37900,,0,0,0
이츠웰 밀품은또띠아(8인치 12장 496g) 또띠아 원형또띠아 간편또띠아 또띠아요리 또띠아,7920,,0,0,0
에쓰푸드 불고기토핑(1K) 토핑용돼지고기 토핑육 토핑불고기 불고기토핑 피자재료 피자토핑 피,32780,,0,0,0
엄지식품 순한맛메밀전병(120gx 10개 1.2K) 전병 간식전병 후식전병 디저트전병 냉동,18260,,0,0,0
치즈볼생지(서울식품공업 25g x30개) 치즈볼튀김 크리스피치즈볼 동그란치즈볼 찰치즈볼 치,22220,,0,0,0
황보마을 혼합야채(4종 볶음밥용 1K) 혼합야채 냉동야채 냉동혼합야채 볶음밥야채 요리용야채,8600,,0,0,0
황보마을 혼합야채(4종 샐러드용 1K) 혼합야채 냉동야채 냉동혼합야채 샐러드야채 요리용야채,8600,,0,0,0
엠디에스 멘보샤(30g x20개 600g) 멘보샤 술안주 호프안주 맥주안주 간식멘보샤 냉동,23520,,0,0,0
미니쌀떡꼬치1.35kg 45gX30개 떡스틱 쌀떡스틱 쌀떡꼬치 미니떡꼬치 냉동떡꼬치 안주떡,11610,,0,0,0
쌀떡꼬치900g 90gX10개 떡스틱 쌀떡스틱 쌀떡꼬치 롱떡꼬치 냉동떡꼬치 안주떡꼬치 어른,7740,,0,0,0
치즈떡도그1kg 100gX10개 떡스틱 쌀떡스틱 쌀떡꼬치 구멍떡 튀김 떡도그 떡튀김 치즈떡,10670,,0,0,0
고구마치즈떡도그1kg 100gX10개 떡스틱 쌀떡스틱 쌀떡꼬치 구멍떡 튀김 떡도그 떡튀김,10670,,0,0,0
[산정마을] 진하게 우려낸 닭개장 + 닭곰탕 3세트(총6팩),30700,,0,0,0
청정원 호밍스 통새우 볶음밥 420g*5ea,41000,,0,0,0
청정원 호밍스 소고기 볶음밥 420g*5ea,41000,,0,0,0
청정원 호밍스 대게와 랍스터 볶음밥 420g*6ea,44000,,0,0,0
청정원 호밍스 소고기볶음밥 210g*12ea,47000,,0,0,0
청정원 호밍스 대게와 랍스터볶음밥 210g*12ea,47000,,0,0,0
청정원 호밍스 통새우볶음밥 210g*12ea,47000,,0,0,0
청정원 호밍스 직화맛 해물볶음밥 400g*10ea,45000,,0,0,0
청정원 호밍스 김치볶음밥 400g*10ea,45000,,0,0,0
청정원 호밍스 부산식 곱창전골 760g*3ea,50000,,0,0,0
[경복궁]한돈 떡갈비 100gx15팩,51000,,0,0,0
[경복궁]한돈 떡갈비 100gx10팩,34000,,0,0,0
[경복궁]한돈 떡갈비 100gx5팩,17000,,0,0,0
멜로우푸드트럭 딸기쨈 국물떡볶이 510g 2인분 4봉 떡복이 국물떡볶이 어묵떡복이 오뎅떡복,43280,,0,0,0
이츠웰 단호박 샐러드 리뉴얼 1kg 단호박샐러드 단호박믹스샐러드 믹스샐러드 샐러드 식사대용,12180,,0,0,0
이츠웰 단호박 샐러드 리뉴얼 1kg X2 단호박샐러드 단호박믹스샐러드 믹스샐러드 샐러드 식,20960,,0,0,0
이츠웰 고구마 샐러드 리뉴얼 1kg 고구마샐러드 고구마믹스샐러드 믹스샐러드 샐러드 식사대용,12390,,0,0,0
이츠웰 고구마 샐러드 리뉴얼 1kg X2 고구마샐러드 고구마믹스샐러드 믹스샐러드 샐러드 식,21360,,0,0,0
이츠웰 감자 샐러드 리뉴얼 1kg 감자샐러드 감자믹스샐러드 믹스샐러드 샐러드 식사대용샐러드,13720,,0,0,0
이츠웰 감자 샐러드 리뉴얼 1kg X2 감자샐러드 감자믹스샐러드 믹스샐러드 샐러드 식사대용,24180,,0,0,0
아하 찰수수 부꾸미 1.2K 부꾸미 팥앙금 아하부꾸미 부꾸미맛집 찹쌀가루 찰수수 찹쌀부꾸미,15500,,0,0,0
감자전병(아하 1.2K) 전병맛집 감자가루 나물전병 아하나물전병 감자전분 센베이,13700,,0,0,0
선봉 곱창전골 800g 즉석조리식품 레토르트식품 즉석전골 즉석곱창전골 간편곱창전골 냉동곱창,14180,,0,0,0
안주세상 부대찌개(400g) 냉동부대찌개 즉석부대찌개 간편부대찌개 맛있는부대찌개 부대찌개재,7120,,0,0,0
양념 근위볶음(400g) 냉동닭똥집 양념닭똥집 즉석닭똥집 간편닭똥집 술안주 호프안주 소주안,7750,,0,0,0
튤립 불닭발 330g 양념닭발 술안주 소주안주 맥주안주 냉동닭발 즉석닭발 간편닭발 불닭발,11080,,0,0,0
천사채(가는 부광 1k) 샐러드재료 데코재료 플레이팅재료 천사채 데코천사채 플레이팅천사채,7240,,0,0,0
천사채(가는 부광 1k) X2 샐러드재료 데코재료 플레이팅재료 천사채 데코천사채 플레이팅천,11140,,0,0,0
천사채(가는 부광 1k) X10 샐러드재료 데코재료 플레이팅재료 천사채 데코천사채 플레이팅,42360,,0,0,0
낙지볶음(냠냠 350g) 냉동낙지볶음 즉석낙지볶음 간편낙지볶음 맛있는낙지볶음 반찬용낙지볶음,7890,,0,0,0
양념오돌뼈(냠냠 400g) 냉동오돌뼈 즉석오돌뼈 간편오돌뼈 술안주 호프안주 맥주안주 소주안,6840,,0,0,0
화로 무뼈 불 닭발(안주세상250g) 냉동닭발 즉석닭발 간편닭발 술안주 호프안주 맥주안주,11930,,0,0,0
화로 불 오돌뼈(안주세상230g) 냉동오돌뼈 즉석오돌뼈 간편오돌뼈 술안주 호프안주 맥주안주,8080,,0,0,0
라레이나 밀또띠아 6인치 12입 340g 냉동또띠아 원형또띠아 간편또띠아 또띠아요리 또르띠,8260,,0,0,0
라레이나 밀또띠아 6인치 12입 340g X5 냉동또띠아 원형또띠아 간편또띠아 또띠아요리,28500,,0,0,0
라레이나 밀또띠아 8인치 12입 510g 냉동또띠아 원형또띠아 간편또띠아 또띠아요리 또르띠,9530,,0,0,0
라레이나 밀또띠아 8인치 12입 510g X8 냉동또띠아 원형또띠아 간편또띠아 또띠아요리,53440,,0,0,0
라레이나 밀또띠아 10인치 12장 790g 냉동또띠아 원형또띠아 간편또띠아 또띠아요리 또르,13190,,0,0,0
라레이나 밀또띠아 10인치 12장 790g X4 냉동또띠아 원형또띠아 간편또띠아 또띠아요리,41380,,0,0,0
또띠아 밀 12 gYk 1020g 12장 냉동또띠아 원형또띠아 간편또띠아 또띠아요리 또르띠,16250,,0,0,0
또띠아 밀 12 gYk 1020g 12장 X4 냉동또띠아 원형또띠아 간편또띠아 또띠아요리,56740,,0,0,0
해조 천사채 소 1k X10 샐러드재료 데코재료 플레이팅재료 천사채 데코천사채 플레이팅천사,35460,,0,0,0
해조 천사채 대 1k X10 샐러드재료 데코재료 플레이팅재료 천사채 데코천사채 플레이팅천사,35460,,0,0,0
사세통상 바베큐 윙스틱 1kg 바베큐윙스틱 윙스틱 치킨윙 윙 닭고기 냉동닭고기 냉동윙 냉동,22880,,0,0,0
해조 천사채 실 1k X10 샐러드재료 데코재료 플레이팅재료 천사채 데코천사채 플레이팅천사,35460,,0,0,0
삼양 더블 함박 스테이크 1kg 냉동함박스테이크 밥반찬 반찬 스테이크반찬 함박스테이크반찬,15680,,0,0,0
(삼양)골드함박스테이크 1k 밥반찬 반찬 스테이크반찬 함박스테이크반찬 냉동식품 간편조리식품,13060,,0,0,0
삼양 고기 산적 1kg 고기산적 전통고기산적 즉석조리식품 냉동식품 냉동산적 냉동고기산적 냉,10080,,0,0,0
삼양 고기 산적 1kg X 5 고기산적 전통고기산적 즉석조리식품 냉동식품 냉동산적 냉동고기,48890,,0,0,0
삼양 두부 스테이크 1.2kg 밥반찬 반찬 스테이크반찬 두부스테이크반찬 냉동식품 간편조리식,15250,,0,0,0
폰타나 치킨차우더 수프 180g 10개입 폰타나 폰타나수프 가루수프 수프가루 수프파우더 파,18740,,0,0,0
타코야끼 1kg 50알 타코야끼간식 타코야끼빵 빵 문어빵 문어빵간식 간편조리문어빵 간편조리,10360,,0,0,0
고기 떡산적 스테이크 2kg(60gx33개이상) 산적스테이크 스테이크산적 냉동산적 간편조리,20140,,0,0,0
곰돌이 갈비맛 산적 1kg(100gX10개) X 2봉 고기산적 갈비맛고기산적 즉석조리식품,17310,,0,0,0
영양만점 갈비맛 산적 1.2kg(60gX20개) 갈비산적 갈비맛산적 고기산적 산적반찬 반찬,11930,,0,0,0
폰타나 그릴드머쉬룸 크림수프 180g 10개입 폰타나 폰타나수프 가루수프 수프가루 수프파우,18740,,0,0,0
폰타나 스위트콘 크림수프 180g 10개입 폰타나 폰타나수프 가루수프 수프가루 수프파우더,18740,,0,0,0
폰타나 크리미포테이토 치즈수프 180g x 10개입 폰타나 폰타나수프 가루수프 수프가루 수,23350,,0,0,0
폰타나 치킨차우더 수프 180g x 10개입 폰타나 폰타나수프 가루수프 수프가루 수프파우더,23350,,0,0,0
황보마을 혼합야채(4종 볶음밥용 1K) X10 냉동야채 냉동혼합야채 볶음밥야채 요리용야채,59160,,0,0,0
황보마을 혼합야채(4종 샐러드용 1K) 냉동야채 냉동혼합야채 샐러드야채 요리용야채 손질야채,8600,,0,0,0
황보마을 혼합야채(4종 샐러드용 1K) X10 냉동야채 냉동혼합야채 샐러드야채 요리용야채,55860,,0,0,0
하림 텐더스틱(1K) 냉동치킨너겟 순살치킨너겟 즉석치킨너겟 술안주 호프안주 냉동반찬 너겟,26000,,0,0,0
미니쌀떡꼬치1.35kg 45gX30개 쌀떡스틱 쌀떡꼬치 미니떡꼬치 냉동떡꼬치 안주떡꼬치 어,11610,,0,0,0
치즈떡도그1kg 100gX10개 쌀떡스틱 쌀떡꼬치 구멍떡 튀김 떡도그 떡튀김 치즈떡꼬치 맛,10670,,0,0,0
고구마치즈떡도그1kg 100gX10개 쌀떡스틱 쌀떡꼬치 구멍떡 튀김 떡도그 떡튀김 치즈떡꼬,10670,,0,0,0
에쓰푸드 불고기토핑(1K) 토핑육 토핑불고기 불고기토핑 피자재료 피자토핑 피자불고기토핑 냉,32780,,0,0,0
엄지식품 순한맛메밀전병(120gx 10개 1.2K) 간식전병 후식전병 디저트전병 냉동전병,18260,,0,0,0
[마녀바스켓] 부산 깡통시장 꼬치어묵 30개(10개입x3봉)+소스3봉,13500,,0,0,0
[마녀바스켓] 부산 어묵 장인 사각어묵 1kg,8500,,0,0,0
[마녀바스켓] 부산 어묵 장인 맛나고 볼어묵 1kg,8500,,0,0,0
[마녀바스켓] 부산 어묵 장인 맛나고 모둠어묵 1kg,15900,,0,0,0
[마녀바스켓] 부산 어묵장인 모둠어묵1kg+사각어묵1kg+볼어묵1kg,15900,,0,0,0
[마녀바스켓] 부산 자갈치 어묵탕 x4팩 (스프포함),10900,,0,0,0
[마녀바스켓] 부산 자갈치 어묵탕 x2팩 (스프포함),7900,,0,0,0
[마녀바스켓]바삭한 만두피 호떡쌀 군만두 1kg,10900,,0,0,0
[마녀바스켓] 속이 꽉찬 고기 포자만두180g x5개(30개입),12100,,0,0,0
[마녀바스켓] 매콤 김치 포자만두180g x5개(30개입),12100,,0,0,0
[마녀바스켓] 일본전통 사누끼우동 5인세트(면+소스+건더기스프),9900,,0,0,0
소담스레 간편조리 밀키트 낙곱새 770g,29900,,0,0,0
해썹인증 국내산 한우 대창 우삼겹 전골 500g,16800,,0,0,0
[8팩 5.6kg] 48년 요리역사 요리대가 정쉐프의 간장게장,83000,,0,0,0
록키 새우 로제 라자냐,11900,,0,0,0
록키 치즈 듬뿍 비프 라자냐,10900,,0,0,0
햇반 컵반 나주곰탕 276.5g x3개,23900,,0,0,0
햇반 컵반 나주곰탕 276.5g x6개,36900,,0,0,0
햇반 컵반 나주곰탕 276.5g x12개,62900,,0,0,0
햇반 컵반 장터국밥 310g x3개,23900,,0,0,0
햇반 컵반 장터국밥 310g x6개,36900,,0,0,0
햇반 컵반 장터국밥 310g x12개,62900,,0,0,0
햇반 컵반 순대국밥 301.5g x3개,23900,,0,0,0
햇반 컵반 순대국밥 301.5g x12개,62900,,0,0,0
폰타나 그릴드머쉬룸 크림수프 180g 10개입 수프 폰타나 폰타나수프 가루수프 수프가루 수,18740,,0,0,0
폰타나 스위트콘 크림수프 180g 10개입 수프 폰타나 폰타나수프 가루수프 수프가루 수프파,18740,,0,0,0
폰타나 크리미포테이토 치즈수프 180g x 10개입 수프 폰타나 폰타나수프 가루수프 수프가,23350,,0,0,0
황보마을 혼합야채(4종 볶음밥용 1K) X10 혼합야채 냉동야채 냉동혼합야채 볶음밥야채 요,59160,,0,0,0
황보마을 혼합야채(4종 샐러드용 1K) X10 혼합야채 냉동야채 냉동혼합야채 샐러드야채 요,55860,,0,0,0
선진 치킨타코 1950g(10인분) 국산닭 대용량 밀키트,45990,,0,0,0
선진 육즙가득 비프 햄버거 2650g(10인분) 대용량 밀키트,56900,,0,0,0
선진 치즈 소시지 인 뉴욕핫도그 2100g(10인분) 대용량 밀키트,37990,,0,0,0
해썹인증 국내산재룔로 만든 모듬내장 200g,5400,,0,0,0
해썹인증 국내산재료로 만든 토속피순대 500g,6900,,0,0,0
해썹인증 국내산재료로 만든 고기야채순대 500g,6700,,0,0,0
해썹인증 국내산재료로 만든 장수야채순대 500g,6700,,0,0,0
해썹인증 국내산재료로 만든 아리랑찰순대 500g,5500,,0,0,0
(냉동) 비비고 노릇하게 구운 고등어구이 60g x10개,40900,,0,0,0
(냉동) 비비고 갈치구이 70g x10개,53900,,0,0,0
제주어묵 밀떡 밀키트 떡볶이만들기 국물떡볶이 (595g),19900,,0,0,0
[산해직송 ]뚝딱잇 한우 순대 곱창 전골 밀키트 (3인분),25900,,0,0,0
비비고 순살 임연수구이 60g x6개,31900,,0,0,0
비비고 순살 임연수구이 60g x10개,45900,,0,0,0
"춘천닭갈비떡볶이 750g (2인분, 순살닭갈비 400g + 쌀떡 350g) x 2세트",18900,,0,0,0
포차생각 숯불 립`S닭발 300g(국내산),11900,,0,0,0
포차생각 숯불양념막창 200g,12900,,0,0,0
포차생각 숯불 국물닭발 800g(국내산),14900,,0,0,0
포차생각 양념오돌뼈 300g(국내산),9900,,0,0,0
포차생각 매콤껍데기 300g,9900,,0,0,0
가마솥으로 끓인 얼큰 소고기국밥 630g x 3팩,34900,,0,0,0
비비고 단팥붕어빵 300g x2개,19900,,0,0,0
생미 엄마손잡채 밀키트 2인분 165g 홍성유기농영농조합 실온보관,8500,,0,0,0
CJ 비비고 노릇하게 구운 고등어 구이 60g 3개 냉동,13500,,0,0,0
CJ 비비고 노릇하게 구운 고등어 구이 60g 6개 냉동,23500,,0,0,0
CJ 비비고 노릇하게 구운 고등어 구이 60g 5개 냉동,19900,,0,0,0
CJ 비비고 노릇하게 구운 고등어 구이 60g 12개 냉동,40900,,0,0,0
CJ 비비고 노릇하게 구운 고등어 구이 60g 36개 냉동,117900,,0,0,0
CJ 비비고 노릇하게 구운 삼치 구이 60g 3개 냉동,13500,,0,0,0
CJ 비비고 노릇하게 구운 삼치 구이 60g 6개 냉동,23500,,0,0,0
CJ 비비고 노릇하게 구운 삼치 구이 60g 5개 냉동,19900,,0,0,0
CJ 비비고 노릇하게 구운 삼치 구이 60g 9개 냉동,33900,,0,0,0
CJ 비비고 노릇하게 구운 삼치 구이 60g 12개 냉동,41800,,0,0,0
CJ 비비고 노릇하게 구운 삼치 구이 60g 36개 냉동,125300,,0,0,0
CJ 비비고 노릇하게 구운 고등어구이60g 3개+삼치구이60g 3개 냉동,23500,,0,0,0
CJ 비비고 노릇하게 구운 고등어구이60g 5개+삼치구이60g 5개 냉동,36900,,0,0,0
CJ 비비고 노릇하게 구운 고등어구이60g 6개+삼치구이60g 6개 냉동,40900,,0,0,0
CJ 비비고 노릇하게 구운 고등어구이60g 18개+삼치구이60g 18개 냉동,117900,,0,0,0
CJ 비비고 노릇하게 구운 가자미 구이 60g 3개 냉동,13500,,0,0,0
CJ 비비고 노릇하게 구운 가자미 구이 60g 5개 냉동,19900,,0,0,0
CJ 비비고 노릇하게 구운 가자미 구이 60g 6개 냉동,23500,,0,0,0
CJ 비비고 노릇하게 구운 가자미 구이 60g 9개 냉동,33900,,0,0,0
CJ 비비고 노릇하게 구운 가자미 구이 60g 12개 냉동,40900,,0,0,0
CJ 비비고 노릇하게구운 고등어60g+삼치60g+가자미70g 각 1개씩 총3개 냉동,13500,,0,0,0
CJ 비비고 노릇하게구운 고등어60g+삼치60g+가자미70g 각 2개씩 총6개 냉동,23500,,0,0,0
CJ 비비고 노릇하게구운 고등어60g+삼치60g+가자미70g 각 3개씩 총9개 냉동,33900,,0,0,0
CJ 비비고 노릇하게구운 고등어60g+삼치60g+가자미70g 각 4개씩 총12개 냉동,40900,,0,0,0
CJ 비비고 노릇하게 구운 갈치 구이 70g 3개 냉동,17500,,0,0,0
CJ 비비고 노릇하게 구운 갈치 구이 70g 5개 냉동,26900,,0,0,0
CJ 비비고 노릇하게 구운 갈치 구이 70g 6개 냉동,31500,,0,0,0
CJ 비비고 노릇하게 구운 갈치 구이 70g 12개 냉동,61500,,0,0,0
CJ 비비고 노릇하게 구운 갈치 구이 70g 36개 냉동,176900,,0,0,0
CJ 비비고 노릇하게 구운 고등어구이60g 3개+가자미구이70g 3개 냉동,23500,,0,0,0
CJ 비비고 노릇하게 구운 고등어구이60g 5개+가자미구이70g 5개 냉동,36900,,0,0,0
CJ 비비고 노릇하게 구운 고등어구이60g 6개+가자미구이70g 6개 냉동,40900,,0,0,0
CJ 비비고 노릇하게 구운 삼치구이60g 3개+가자미구이70g 3개 냉동,23500,,0,0,0
CJ 비비고 노릇하게 구운 삼치구이60g 5개+가자미구이70g 5개 냉동,36900,,0,0,0
CJ 비비고 노릇하게 구운 삼치구이60g 6개+가자미구이70g 6개 냉동,40900,,0,0,0
CJ 비비고 노릇하게 구운 삼치구이60g 18개+가자미구이70g 18개 냉동,117900,,0,0,0
[싱글즈키친 김셰프x 제로레시피] 만장일치 춘천닭갈비 1kg (매운맛),29800,,0,0,0
[싱글즈키친 김셰프x 제로레시피] 만장일치 춘천닭갈비 1kg [순한맛],29800,,0,0,0
"[참다올] 기장미역국 간편키트 (미역150g,참기름100ml,국간장120ml,천일염 70g",51900,,0,0,0
어묵 속 만두 전골 밀키트 2세트(전골10팩+육수10팩),74500,,0,0,0
쫄깃쫄깃 넓적당면 떡볶이 9인분,28000,,0,0,0
YWE 유아왓유잇 라구리가토니 245g x 1봉 + 런천김치덮밥 265g x 1봉,19000,,0,0,0
YWE 유아왓유잇 라구리가토니 245g x 2봉,19000,,0,0,0
YWE 유아왓유잇 런천김치덮밥 265g x 2봉,19000,,0,0,0
비비고 가자미구이 70g x4개+삼치구이 60g x4개,34900,,0,0,0
비비고 삼치구이 60g x4개+갈치구이 70g x4개,39900,,0,0,0
[경복궁]한우불고기 600g & 칼집LA갈비 600g 혼합 선물세트,83000,,0,0,0
[경복궁]궁중본갈비 600g &양념불고기 600g 혼합 선물세트,80000,,0,0,0
[경복궁]칼집LA갈비 600g & 양념불고기 600g 혼합 선물세트,68000,,0,0,0
[경복궁]궁중본갈비 600g & 칼집LA갈비 600g 혼합 선물세트,90000,,0,0,0
삼삼한 맛있는 서울 백순대 1kg,17500,,0,0,0
삼삼한 맛있는 서울 김치순대 1kg,17500,,0,0,0
삼삼한 맛있는 서울 김치순대 1kg(1+1)총 2kg,27900,,0,0,0
삼삼한 맛있는 서울 백순대 1kg(1+1+1)총 3kg,37900,,0,0,0
삼삼한 맛있는 서울 김치순대 1kg(1+1+1)총 3kg,37900,,0,0,0
삼삼한 맛있는 서울 백순대 1kg+새우젓15g,17900,,0,0,0
삼삼한 맛있는 서울 김치순대 1kg +새우젓15g,17900,,0,0,0
삼삼한 맛있는 서울 백순대 1kg(1+1)총 2kg+새우젓15g2봉,27900,,0,0,0
삼삼한 맛있는 서울 김치순대 1kg(1+1)총 2kg+새우젓15g2봉,27900,,0,0,0
삼삼한 맛있는 서울 백순대 1kg(1+1+1)총 3kg+새우젓15g3봉,37900,,0,0,0
삼삼한 맛있는 서울 김치순대 1kg(1+1+1)총 3kg+새우젓15g3봉,37900,,0,0,0
[미스꼬레아] 김볶소스 화이트 안매운맛 300g (2인분용),9900,,0,0,0
[미스꼬레아] 김볶소스 카레맛 300g (2인분용),9900,,0,0,0
[미스꼬레아] 김볶소스 오리지날 매콤한맛 300gX2팩 (총 4인분용),19800,,0,0,0
[미스꼬레아] 김볶소스 화이트 안매운맛 300gX2팩 (총 4인분용),19800,,0,0,0
[미스꼬레아] 김볶소스 카레맛 300gX2팩 (총 4인분용),19800,,0,0,0
[미스꼬레아] 김볶소스 화이트 안매운맛 300gX3팩 (총 6인분용),29700,,0,0,0
[미스꼬레아] 김볶소스 3종세트 (오리지날+화이트+카레맛/총 6인분용),29700,,0,0,0
[미스꼬레아] 김볶소스 오리지날+화이트 (총 4인분용/각 300g),19800,,0,0,0
[미스꼬레아] 김볶소스 오리지날+카레맛 (총 4인분용/각 300g),19800,,0,0,0
[미스꼬레아] 김볶소스 화이트+카레맛 (총 4인분용/각 300g),19800,,0,0,0
참나무 초벌막창500g(된장소스100g포함)X2,41900,,0,0,0
대구 팔공산 훈제 양념막창 400gX2,41900,,0,0,0
대구 팔공산 훈제 양념곱창 400gX2,36900,,0,0,0
참나무 훈연막창500g(된장소스100g포함),23900,,0,0,0
참나무 초벌막창500g(된장소스100g포함),23900,,0,0,0
대구 팔공산 훈제 양념곱창 400g,21900,,0,0,0
요리친구 오뚜기 케찹파우치 3kg(6ea)(1box),73950,,0,0,0
요리친구 월계수잎 향신료 230g(4ea)(1box),61010,,0,0,0
요리친구 이엔 노리풍 후리가께 500g 10ea 1box,184880,,0,0,0
요리친구 유동 자연산골뱅이 230g(24ea)(1box),293950,,0,0,0
요리친구 청정원 순창 재래식 숙성된장 14kg,71370,,0,0,0
벨지움 다크초콜릿코인 200g,9320,,0,0,0
벨지움 밀크초콜릿코인 200g,8660,,0,0,0
일본카레 토로케루 카레 약간매운맛 1kg,24960,,0,0,0
일본카레 토루케루 카레 매운맛 1kg,24960,,0,0,0
통계피 500g,21640,,0,0,0
농심 신라면(대/컵) 114g 컵라면,3030,,0,0,0
전통 야끼소바 학교 688g,10730,,0,0,0
베이킹용 조각밤 다이스 8kg,110930,,0,0,0
사이드메뉴 매쉬드 포테이토 골드 1kg,24040,,0,0,0
흔한남매 로제 떡볶이115g 16개,50290,,0,0,0
호두기(대동맥) 200g,11300,,0,0,0
COSI 다테리노 옐로우 토마토 통조림 800g,27060,,0,0,0
리스토리스 스윗앤사워 옐로우 페퍼드롭 793g,58580,,0,0,0
로리나 스파클링 레모네이드 330ml,5770,,0,0,0
오뚜기 컵밥 참치마요덮밥 217g 12EA,66710,,0,0,0
코우 유자폰즈 2kg,29740,,0,0,0
식자재 도매 유통) 원형 월남쌈(몬 16cmx200g) 1개,4660,,0,0,0
전복죽 상온 285g,4560,,0,0,0
다이쇼 맑은다시 시로다시 1L,17320,,0,0,0
스타 다도 야채스톡 100g,6880,,0,0,0
루글리오 포마스 올리브오일 5L,87420,,0,0,0
이든 뉴까르보나라 분말 1kg,39050,,0,0,0
오뚜기 컵밥 제육덮밥 280g 12EA,66710,,0,0,0
CJ 백설 강력 밀가루 1kg,5330,,0,0,0
월남쌈 소스 하이몬 295ml 식자재 전문점 업소용 전문,10530,,0,0,0
신시안 화조유 400ml,16430,,0,0,0
오뚜기 컵밥 불닭마요덮밥 267g 12EA,66710,,0,0,0
아오노리 거친 파래 500g,41480,,0,0,0
유동 뚝배기 번데기탕 얼큰한맛 280g,5550,,0,0,0
파스타자라 스파게티니 No.4 500g,4880,,0,0,0
가반 흑후추 아라비키 420g,61690,,0,0,0
오뚜기 자른당면 100g,4220,,0,0,0
펭귄 꽁치 1.88kg,43050,,0,0,0
몬 아세토 비앙코 화이트 와인 비네가 500ml,9770,,0,0,0
직화초벌 데리야끼곱창 200g,12000,,0,0,0
(냉동)간편하고 담백한맛 콩콩콩까스 240g(80gx3개),9250,,0,0,0
맛있는 오뚜기밥 발아현미밥 210g x 3EA 오뚜기,8440,,0,0,0
하나 후쿠진즈케 무절임 1kg,7990,,0,0,0
요리친구 이엔 노리풍 후리가께 500g,18560,,0,0,0
카나멜라 넛맥 분말 25g,7330,,0,0,0
혼미린 미림 1.8L,17080,,0,0,0
헌트 토마토 홀 2.89kg,30170,,0,0,0
해찬들 구수한 집된장 골드 14kg,122910,,0,0,0
디벨라 라자냐 108 500g,10430,,0,0,0
팽귄 구운 파프리카 2.9kg,58580,,0,0,0
대성푸드 이도 가쓰오 500g,41940,,0,0,0
일본 하치 카레 루 1kg,51920,,0,0,0
이든 연근분말 1kg,68110,,0,0,0
하인즈 토마토 케찹 3.23kg,27950,,0,0,0
찹쌀 식물성콩단백 햄맛(구프랑햄) 500g,16460,,0,0,0
(냉동)맛찬들감자수제비 2kg,11840,,0,0,0
코카콜라 355ml X 24입,55030,,0,0,0
이슬나라 양파 분말 450g,19300,,0,0,0
요리친구 유동 자연산골뱅이 230g,12310,,0,0,0
황비홍 향취고추 매직칠리 452g,20190,,0,0,0
야마끼 일본 하나 우동 쯔유 1.8L,48810,,0,0,0
맥심 모카골드 마일드 310개입,108710,,0,0,0
태명식품 하나 가쓰오 100g,15750,,0,0,0
오뚜기 옥수수 스프 1kg,18640,,0,0,0
닭가슴살통조림354g,12640,,0,0,0
요리친구 맥심 오리지날 커피 500g,42510,,0,0,0
오뚜기 옛날 수연소면 500g,19300,,0,0,0
아리아케 일본 가쓰오 쯔유 1.8L,43700,,0,0,0
참미정 마늘맛 기름 1.8L 식용유,32610,,0,0,0
오뚜기 양송이 스프 1kg,21750,,0,0,0
마르티넬리 골드메달 애플주스 296ml x 24병 1박스,96730,,0,0,0
나인티나인 건면 쌀국수 1mm 400g,3550,,0,0,0
오뚜기 고등어 통조림 1.8kg,29280,,0,0,0
라치나타 스모크 파프리카 파우더 핫 70g,37280,,0,0,0
나인티나인 쌀국수 3mm 400g,3550,,0,0,0
수리 칠리 페이스트 소야빈 오일 3kg,92740,,0,0,0
이바라 피티드 씨없는 그린 올리브 3kg,44370,,0,0,0
요리친구 삼양큐원 갈색설탕(중백) 3kg,14240,,0,0,0
서울우유 탈지 분유 1kg,48810,,0,0,0
나인티나인 쌀국수 5mm 400g,3550,,0,0,0
요리친구 몽고된장 2kg,9280,,0,0,0
카푸토 프레스카 1kg,8660,,0,0,0
(냉동)오뚜기 오감포차칠리새우200g,15430,,0,0,0
요리친구 CJ해찬들 사계절쌈장 3kg,23220,,0,0,0
이리아다 엑스트라버진 올리브유 1L,76540,,0,0,0
델리시아스 케이퍼 100g,5110,,0,0,0
요리친구 오뚜기 짜장분말 1kg,18090,,0,0,0
농심 육개장 사발면 86g x 24입 1박스,51920,,0,0,0
청정들 참 고소한 볶음검정깨 분말 1kg,31060,,0,0,0
유동 자연산 골뱅이 140g,8880,,0,0,0
네추럴스파이스 허브솔트시즈닝 마일드 400g,13530,,0,0,0
바다의 푸아그라 안키모 아귀간 250g,11100,,0,0,0
요리친구 오뚜기 2배 사과식초 1.8L,9620,,0,0,0
요리친구 오뚜기 케찹파우치 3kg,12510,,0,0,0
요리친구 오뚜기 크림스프 1kg,17550,,0,0,0
아침미소 토스트 식빵 26입 700g,6660,,0,0,0
폰티 발사믹식초 500ml,10210,,0,0,0
(냉동)오뚜기 오즈키친크리스피치킨400g,10270,,0,0,0
탱글한 해물과 야채가득 대림선 냉동 동그랑땡 1kg,16460,,0,0,0
일본카레 골든카레 약간 매운맛 1kg,28660,,0,0,0
요리친구 천우 카라멜색소 3.5kg(4ea)(1box),90590,,0,0,0
요리친구 동원 참치덕용(라이트스탠다드) 1.88kg(6ea),292110,,0,0,0
청정원 로제 토마토 스파게티 소스 2kg,35060,,0,0,0
일본카레 하우스 자바카레 후레이크 1kg,32910,,0,0,0
요리친구 오뚜기 2배 사과식초 1.8L(6ea)(1box),57320,,0,0,0
크노르 홀란다이즈 소스 1L,22190,,0,0,0
칼비 엑스트라버진 올리브오일 500ml,65230,,0,0,0
고구마전분 네모난당면300g,11470,,0,0,0
식자재 도매) 원형 월남쌈(몬 16Cmx300g) x6개,36480,,0,0,0
화로닭발 숯불무뼈불닭발 280g 술안주 간식,19570,,0,0,0
일본카레 하우스 바몬드 카레 매운맛 230g,9990,,0,0,0
류씨네 중식용 중국산 고운 고춧가루 1kg,29740,,0,0,0
요리친구 몽고된장 2kg(8ea)(1box),73950,,0,0,0
요리친구 오뚜기 3배 사과식초 1.8L(6ea)(1box),70260,,0,0,0
요리친구 맥심 오리지날 커피 500g 12ea 1box,508410,,0,0,0
소곱창전골 350g,20110,,0,0,0
고급 led 귀이개 귀이개 세트 귀청소,7400,,0,0,0
이엔 후리가께(노리) 500g 주먹밥양념,21050,,0,0,0
떡볶이소스(얼음골 2K)X6 떡볶이소스 떡볶이양념 액상,92070,,0,0,0
별표 황물엿 5kg,23740,,0,0,0
월드스파이스 카다뭄분말 150g,53690,,0,0,0
네추럴스파이스 커리 파우더 50g,6660,,0,0,0
카길 다크초콜릿 론도 누아 72% 1kg,67670,,0,0,0
바삭한 수제오곡누룽지500g,16640,,0,0,0
3년숙성 오미자 감식초 950ml,13320,,0,0,0
요리친구 오뚜기 옛날국수 소면 900g(15ea)(1box),105380,,0,0,0
고소한 수제현미누룽지500g(스낵),16640,,0,0,0
삼양라면 120g 5입 봉지라면,9620,,0,0,0
구수한 수제 흑미누룽지500g(스낵),16640,,0,0,0
노르띤달 오징어먹물 500g,57690,,0,0,0
찹쌀(국내산백프로)가루 500g,9620,,0,0,0
흔한남매 로제 떡볶이115g,3150,,0,0,0
씨와이프로 라드유 무첨가 정제 돈지 700g,31060,,0,0,0
라치나타 훈제 파프리카 분말 스위트 70g,34610,,0,0,0
고구마전분 네모난당면300g 2입,22930,,0,0,0
즉석 블랙 타피오카펄 40g X 30개,59900,,0,0,0
타바스코 페퍼 소스 355ml,29060,,0,0,0
슐츠 프레첼 미니 트위스트 2.26kg,53250,,0,0,0
(냉동)아하곤드레나물전병 1.2kg,20530,,0,0,0
나이텍스장갑 파랑 M,4440,,0,0,0
참숯직화 통삼겹 500g,21150,,0,0,0
원형 월남쌈 200g-현미쌀가루,5370,,0,0,0
마루산 일본 미소 고시고우지 백된장 1kg,11100,,0,0,0
하인즈 케찹 460g,5550,,0,0,0
돼지곱창전골 600g,17450,,0,0,0
돈시몬 발렌시아 오렌지주스 1L,8660,,0,0,0
아리아케 간사이 우동 쯔유 농축액 1.8L,43940,,0,0,0
롱고바디 포모도리 필라티 토마토 홀 400g,6220,,0,0,0
흔한남매 매콤 떡볶이115g 16입,50290,,0,0,0
유진 새우칩 1kg,9770,,0,0,0
뽀로로 짜장 떡볶이 110g,4070,,0,0,0
오뚜기 컵밥 차돌강된장보리밥 310g 12EA,66710,,0,0,0
맘스 리얼 레몬 베이스 1kg,61900,,0,0,0
짜장 떡볶이 110g 뽀로로,4070,,0,0,0
십장생감자수제비 2kg,11380,,0,0,0
쥬카토 절인 그린올리브 벨 세리그놀라 690g,34170,,0,0,0
라코스테나 할라피뇨 페퍼 홀 440g,8880,,0,0,0
푸미푸드 전통의맛 참기름 1.7L,76980,,0,0,0
머릿고기 슬라이스 1kg,28850,,0,0,0
샌프란시스코 몬 발사믹 식초 500ml,11530,,0,0,0
일본산 단무지 풍미지 후미즈케 500g,23080,,0,0,0
대화 푸주 부죽 200g,4880,,0,0,0
안키모 아귀간 250g,10210,,0,0,0
메뉴 판나코타 푸딩 파우더 1kg,86310,,0,0,0
에스앤비 디너 카레 믹스 후레이크 1kg,57250,,0,0,0
이든타운 표고버섯 분말 1kg,91850,,0,0,0
델솔 옐로우 칠리 페퍼 454g,12430,,0,0,0
일본 훈도다이 유자 폰즈 360ml,13100,,0,0,0
프레시 오이 피클 슬라이스 340g,4780,,0,0,0
오뚜기 컵밥 햄버그덮밥 280g 12EA,66710,,0,0,0
보스코도로 트러플향 소금 100g,29280,,0,0,0
썬스위트 푸룬 주스 1.89L,28850,,0,0,0
나이텍스장갑 파랑 L,4440,,0,0,0
얀타이 중식 녹두 납작 당면 180g,3330,,0,0,0
오뚜기 컵밥 매콤낙지덮밥 280g 12EA,66710,,0,0,0
대성식품 하나 가쓰오 500g,37050,,0,0,0
아오노리 파래 분말 500g,41480,,0,0,0
일회용 붕어모양 간장 4.5g x 500입,47480,,0,0,0
그린 필드 피스타치오 커넬 100g,28170,,0,0,0
뚝배기불고기밥 320g 12개 BOX 오뚜기,66710,,0,0,0
직화초벌 소금구이곱창 200g,12000,,0,0,0
누텔라 초코 1kg,28410,,0,0,0
베버시티 후루티 파인애플 스무디 1.8kg,26850,,0,0,0
마다마 씨없는 블랙 피티드 칼라마타 올리브 530g,22190,,0,0,0
하인즈 토마토 피자소스 2.92kg,31500,,0,0,0
요리친구 맥심 모카골드 마일드 커피믹스(100T) 1.2kg,32980,,0,0,0
디벨라 로텔레 No.43 500g,7770,,0,0,0
이든타운 백년초 분말 100g,17080,,0,0,0
리스토리스 케이퍼베리 530g 후르티 케이페로,23520,,0,0,0
이리아다 칼라마타 엑스트라버진 올리브유 500ml,45700,,0,0,0
코우 신슈 락교 3kg,31500,,0,0,0
디벨라 사보이아르디 400g,12880,,0,0,0
퐁듀타임 액상초콜릿 2kg,40370,,0,0,0
누텔라 헤이즐넛 초코 370g,12880,,0,0,0
요리친구 맥심 모카골드 마일드 커피 500g,42510,,0,0,0
쏘이마루 콩고기 콩단백 400g 고기 버섯 어묵 대용,13990,,0,0,0
리치스 파인애플 청크 3kg 통조림,27030,,0,0,0
마루코 카니미소 일본 게 내장 98% 100g,34170,,0,0,0
단동 초산 식초 480ml,5990,,0,0,0
요리친구 양지뜰 사골분말 500g,20630,,0,0,0
사바로트 칙피스 1kg 병아리콩,13320,,0,0,0
라 몰레 마늘 크로스티 100g,6660,,0,0,0
오뚜기 크림 스프 1kg,21750,,0,0,0
솔리몬 스퀴즈드 레몬 1L,11770,,0,0,0
스피디팝 팝콘 오일 3kg,56360,,0,0,0
기꼬만 돈까스소스 1.8L,20510,,0,0,0
토호 오꼬노미 하나가쓰오 150g,17320,,0,0,0
독일산 잎새 판젤라틴 1kg,108270,,0,0,0
일본 갓절임 타카나 1kg,10430,,0,0,0
쿠라콘 시오곤부 130g,31250,,0,0,0
요리친구 월계수잎 향신료 230g,15400,,0,0,0
프란토이오 비앙코 바질페스토 500g,27950,,0,0,0
요리친구 뚜레반 감자전분 국산 1kg,17740,,0,0,0
농심 신라면 30입 3600g,66120,,0,0,0
마이어 홀그레인 머스타드 845g,32610,,0,0,0
오뚜기 쇠고기 스프 1kg,23970,,0,0,0
아몬드브리즈 오리지널 950ml,7330,,0,0,0
엘리펀트 만다린 오렌지 통조림 830g,11530,,0,0,0
요리친구 오뚜기 허니머스타드 드레싱 2kg,18060,,0,0,0
베스트 시치미 도가라시 300g,26190,,0,0,0
B의식탁 자반 가시없는 생선 순살 간 고등어 구이,69330,,0,0,0
페러 랍스타 비스큐스프 485g,21970,,0,0,0
요리친구 오뚜기 사과식초 1.8L,7990,,0,0,0
사포코 에그 누들 500g,7770,,0,0,0
(냉동)오뚜기 오즈키친떡갈비480g,15820,,0,0,0
요리친구 오뚜기 3배 사과식초 1.8L,11840,,0,0,0
아폴로 메론망고 과일치즈 200g x 3입,44370,,0,0,0
요리친구 오뚜기 카레(약간매운맛) 1kg,13820,,0,0,0
하인즈 옐로우머스터드 396g,11300,,0,0,0
나인티나인 건면 쌀국수 10mm 400g,4000,,0,0,0
요리친구 곰표 부침가루 1kg,4540,,0,0,0
인도향 가득 AHG 빈달루카레 1kg,79500,,0,0,0
네추럴스파이스 허브솔트시즈닝 갈릭 180g,8880,,0,0,0
네추럴스파이스 통 흑후추 55g,5770,,0,0,0
SIB 이소말트 600g 설탕,21970,,0,0,0
사탕수수 원당 흑당 1kg,10880,,0,0,0
고려 우골 농축액 800g,29060,,0,0,0
네추럴스파이스 허브솔트시즈닝 갈릭 400g,13530,,0,0,0
보스코도로 화이트 트러플오일 250ml,54790,,0,0,0
수입산 가성비 새우칩 1kg,11100,,0,0,0
(냉동)오뚜기 오감포차직화닭발150g,15430,,0,0,0
요리친구 CJ해찬들 재래식된장 3kg,22740,,0,0,0
보스코도로 블랙 트러플오일 250ml,51920,,0,0,0
미시간 메이드 블루베리 파이필링 595g,15100,,0,0,0
사바톤 프랑스 오렌지필 1.05kg,79870,,0,0,0
네슬레 네스퀵 1.2kg,23080,,0,0,0
수리 칠리페이스트 소야빈 오일 454g,17320,,0,0,0
로베르토 그리시니 브레드 스틱 과자 로즈마리 250g,13990,,0,0,0
네추럴스파이스 허브솔트시즈닝 마일드 180g,8880,,0,0,0
오뚜기 프레스코 치킨 로제 리조또 250g X 5개,48630,,0,0,0
오뚜기 프레스코 베이컨 토마토 리조또 250g X 5개,48630,,0,0,0
오뚜기 카레 매운맛 1kg X 2개,33280,,0,0,0
오뚜기 초간편 김치전믹스 320g X 3개,41600,,0,0,0
오뚜기 초간편 감자전믹스 200g X 3개,34950,,0,0,0
오뚜기 어린이카레 80g X 5개,36610,,0,0,0
오뚜기 쌀핫케이크믹스 400g X 3개,34950,,0,0,0
오뚜기 백세카레 3분 약간매운맛 200g X 12개,71920,,0,0,0
오뚜기 3분 햄버그스테이크 140g X 12개,63600,,0,0,0
오뚜기 3분 카레 약간매운맛 200g X 12개,43270,,0,0,0
오뚜기 3분 카레 순한맛 200g X 12개,43270,,0,0,0
오뚜기 3분 쇠고기짜장 200g X 12개,43270,,0,0,0
오뚜기 3분 렌틸콩카레 200g X 12개,43270,,0,0,0
오뚜기 백세카레 순한맛 1kg X 2개,44370,,0,0,0
몬 뉴 월남쌈 원형16cm 300g x 2개,16310,,0,0,0
오뚜기 3분 사천짜장 200g x 4개,17200,,0,0,0
참나무 훈연막창500g(된장소스100g포함)X2,41900,,0,0,0
참나무 초벌막창500g(된장소스100g포함)X2,41900,,0,0,0
참나무 초벌막창500g(된장소스100g포함)+훈연막창500g(된장소스 100g포함),42900,,0,0,0
참나무 초벌막창500g(된장소스100g포함),23900,,0,0,0
대구 팔공산 훈제 양념막창 400g,23900,,0,0,0
[참다올] 대구전통 국내산 숙성돼지막창 500g,18900,,0,0,0
[참다올] 대구전통 오븐으로 초벌한 국내산 돼지막창 500g,21900,,0,0,0
[전철우] 나주곰탕 600g x 6팩,25500,,0,0,0
[전철우] 나주곰탕 600g x 8팩,31500,,0,0,0
신의주뼈해장국 900g,7000,,0,0,0
신의주곰탕 600g,7000,,0,0,0
신의주설렁탕 600g,7000,,0,0,0
신의주우거지소고기국밥 600g,7000,,0,0,0
냉동 찰순대 250g*4입,8800,,0,0,0
홀리셔스 감탄도시락 5종 15팩,69900,,0,0,0
직화구이 무뼈양념닭발(350g)X25,298870,,0,0,0
직화 양념막창(350g)X25,251210,,0,0,0
임꺽정 매운양념 불닭발 350gX26,303450,,0,0,0
임꺽정 무뼈양념닭발 350gX26,268970,,0,0,0
CJ 주부초밥왕 새콤달콤 오리지널 유부초밥 320g x10개,53900,,0,0,0
CJ 주부초밥왕 새콤달콤 꼬마 유부초밥 149.2g x15개,55900,,0,0,0
CJ 주부초밥왕 새콤달콤 유부초밥 도시락 기획 280g x10개,51900,,0,0,0
CJ 주부 유부왕 300g x6개,41900,,0,0,0
올따옴 직화 돼지껍데기구이 200g 3개,21900,,0,0,0
[꿀맛나는세상][꿀맛나는세상] 칼집고추장구이 2팩+꿀맛칼집구이 2팩 (총 4팩/1.6kg),25900,,0,0,0
[꿀맛나는세상][꿀맛나는세상] 제주 흑돼지 칼집고추장구이 400gX4팩 (총 1.6kg),25900,,0,0,0
[꿀맛나는세상][꿀맛나는세상] 제주 흑돼지 칼집고추장구이 400gX6팩 (총 2.4kg),35900,,0,0,0
[꿀맛나는세상][꿀맛나는세상] 꿀맛칼집구이 400gX4팩 (총 1.6kg),25900,,0,0,0
[전철우] 육개장 600g x 6팩,23500,,0,0,0
[참다올 홈카페] 엄마손 수제 화이트크림 깐쇼새우 샌드위치(전체) x 2,25900,,0,0,0
[참다올 홈카페] 엄마손 수제 허니머스타드홀그레인 베이컨 샌드위치(전체) x 2,25500,,0,0,0
[참다올 홈카페] 엄마손 수제 와사비마요 크래미 샌드위치(전체) x 2,24900,,0,0,0
[참다올 홈카페] 엄마손 수제 데리야끼 닭가슴살 샌드위치(전체) x 2,24900,,0,0,0
[참다올 홈카페] 엄마손 수제 콩불고기 샐러드 약 300g x 2,21500,,0,0,0
[참다올 홈카페] 엄마손 수제 단호박과고구마 샐러드 약 300g x 2,21500,,0,0,0
[참다올 홈카페] 엄마손 수제 베이컨 치아바타 샌드위치 x 2,23900,,0,0,0
[참다올 홈카페] 엄마손 수제 닭가슴살 치아바타 샌드위치 x 2,22500,,0,0,0
청정원 포테이토 돈카츠 통등심 390g,8980,,0,0,0
청정원 중화풍볶음소스 2kg /식자재/대용량,15560,,0,0,0
[밀키트] 홈밀 이건 꼭 사야해 부대찌개 2.5KG,14990,4.8,1810,2214,33187860
하코야 롱 오징어까스 320G,10900,4.6,2322,1517,16535300
[밀키트] 홈밀 우삼겹 된장찌개 480G (1인분),6990,4.6,697,1024,7157760
[밀키트] 홈밀 전주식 콩나물국밥 410.7G,8990,4.7,87,267,2400330
[밀키트] 홈밀 김치비지찌개 요리재료 350G,6990,4.7,59,247,1726530
[밀키트] 가쓰오 모듬어묵전골 1433G,23990,5.0,5,28,671720
